,year,age,men,women,group
0,1989,0,370680,354974.0,0 - 18
1,1989,1,379109,362729.0,0 - 18
2,1989,2,397772,381864.0,0 - 18
3,1989,3,387079,374154.0,0 - 18
4,1989,4,399224,383125.0,0 - 18
5,1989,5,403120,390385.0,0 - 18
6,1989,6,374190,361074.0,0 - 18
7,1989,7,361379,349656.0,0 - 18
8,1989,8,374245,360196.0,0 - 18
9,1989,9,366513,353263.0,0 - 18
10,1989,10,365252,353444.0,0 - 18
11,1989,11,358882,348483.0,0 - 18
12,1989,12,374373,363147.0,0 - 18
13,1989,13,369002,359436.0,0 - 18
14,1989,14,367348,357371.0,0 - 18
15,1989,15,372240,354567.0,0 - 18
16,1989,16,386514,368871.0,0 - 18
17,1989,17,377658,355397.0,0 - 18
18,1989,18,350223,343807.0,18 - 25
19,1989,19,321252,318730.0,18 - 25
20,1989,20,328366,327607.0,18 - 25
21,1989,21,331818,325406.0,18 - 25
22,1989,22,340749,335322.0,18 - 25
23,1989,23,332679,329902.0,18 - 25
24,1989,24,350974,349593.0,18 - 25
25,1989,25,373758,375162.0,25 - 45
26,1989,26,386940,390165.0,25 - 45
27,1989,27,395429,397253.0,25 - 45
28,1989,28,412097,417496.0,25 - 45
29,1989,29,401412,407403.0,25 - 45
30,1989,30,403062,410270.0,25 - 45
31,1989,31,391578,398415.0,25 - 45
32,1989,32,383800,394610.0,25 - 45
33,1989,33,367004,378197.0,25 - 45
34,1989,34,378785,393285.0,25 - 45
35,1989,35,353831,368733.0,25 - 45
36,1989,36,367021,383364.0,25 - 45
37,1989,37,364720,378440.0,25 - 45
38,1989,38,362303,381820.0,25 - 45
39,1989,39,378533,403483.0,25 - 45
40,1989,40,331739,353979.0,25 - 45
41,1989,41,287001,308456.0,25 - 45
42,1989,42,284709,309668.0,25 - 45
43,1989,43,181163,202009.0,25 - 45
44,1989,44,210991,237363.0,25 - 45
45,1989,45,198678,222868.0,45 - 65
46,1989,46,246684,281601.0,45 - 65
47,1989,47,337941,381218.0,45 - 65
48,1989,48,342251,390299.0,45 - 65
49,1989,49,378488,440594.0,45 - 65
50,1989,50,405192,475089.0,45 - 65
51,1989,51,428888,490721.0,45 - 65
52,1989,52,352047,405164.0,45 - 65
53,1989,53,302219,341309.0,45 - 65
54,1989,54,237263,266450.0,45 - 65
55,1989,55,201486,236385.0,45 - 65
56,1989,56,248080,307450.0,45 - 65
57,1989,57,259637,316730.0,45 - 65
58,1989,58,312694,398160.0,45 - 65
59,1989,59,294377,380545.0,45 - 65
60,1989,60,309841,415195.0,45 - 65
61,1989,61,289783,392852.0,45 - 65
62,1989,62,252197,396793.0,45 - 65
63,1989,63,222412,379047.0,45 - 65
64,1989,64,200714,374278.0,45 - 65
65,1989,65,176425,337763.0,65 - 80
66,1989,66,144950,307433.0,65 - 80
67,1989,67,131395,265449.0,65 - 80
68,1989,68,108535,226483.0,65 - 80
69,1989,69,102297,219660.0,65 - 80
70,1989,70,104614,231430.0,65 - 80
71,1989,71,64816,145290.0,65 - 80
72,1989,72,68603,163322.0,65 - 80
73,1989,73,81736,193466.0,65 - 80
74,1989,74,100189,260239.0,65 - 80
75,1989,75,91415,222941.0,65 - 80
76,1989,76,93374,252503.0,65 - 80
77,1989,77,76578,190244.0,65 - 80
78,1989,78,73652,208216.0,65 - 80
79,1989,79,59937,156056.0,65 - 80
82,1990,0,352522,335605.0,0 - 18
83,1990,1,380267,362021.0,0 - 18
84,1990,2,379354,362989.0,0 - 18
85,1990,3,398030,382896.0,0 - 18
86,1990,4,386286,374139.0,0 - 18
87,1990,5,397974,382253.0,0 - 18
88,1990,6,404597,391306.0,0 - 18
89,1990,7,374984,361085.0,0 - 18
90,1990,8,362209,350422.0,0 - 18
91,1990,9,374491,360813.0,0 - 18
92,1990,10,366802,353209.0,0 - 18
93,1990,11,364897,353218.0,0 - 18
94,1990,12,358238,348047.0,0 - 18
95,1990,13,374567,363691.0,0 - 18
96,1990,14,368090,359195.0,0 - 18
97,1990,15,370365,359739.0,0 - 18
98,1990,16,373279,356708.0,0 - 18
99,1990,17,388531,372229.0,0 - 18
100,1990,18,370674,353298.0,18 - 25
101,1990,19,346604,342551.0,18 - 25
102,1990,20,324792,319683.0,18 - 25
103,1990,21,327289,328804.0,18 - 25
104,1990,22,335241,326939.0,18 - 25
105,1990,23,339661,335874.0,18 - 25
106,1990,24,331750,331207.0,18 - 25
107,1990,25,351303,351115.0,25 - 45
108,1990,26,373741,377202.0,25 - 45
109,1990,27,386329,391416.0,25 - 45
110,1990,28,394856,399436.0,25 - 45
111,1990,29,411831,415661.0,25 - 45
112,1990,30,402297,411428.0,25 - 45
113,1990,31,396902,405249.0,25 - 45
114,1990,32,390979,399770.0,25 - 45
115,1990,33,381487,394305.0,25 - 45
116,1990,34,364733,377968.0,25 - 45
117,1990,35,376286,391994.0,25 - 45
118,1990,36,349901,366551.0,25 - 45
119,1990,37,368623,386077.0,25 - 45
120,1990,38,363619,379263.0,25 - 45
121,1990,39,361510,382355.0,25 - 45
122,1990,40,380440,406468.0,25 - 45
123,1990,41,320468,344694.0,25 - 45
124,1990,42,287632,311224.0,25 - 45
125,1990,43,274546,302055.0,25 - 45
126,1990,44,179601,201856.0,25 - 45
127,1990,45,214931,241642.0,45 - 65
128,1990,46,194441,219606.0,45 - 65
129,1990,47,254314,289885.0,45 - 65
130,1990,48,329383,375044.0,45 - 65
131,1990,49,342436,392971.0,45 - 65
132,1990,50,375421,441018.0,45 - 65
133,1990,51,400020,472350.0,45 - 65
134,1990,52,424131,488750.0,45 - 65
135,1990,53,344653,400038.0,45 - 65
136,1990,54,297453,338658.0,45 - 65
137,1990,55,227760,259023.0,45 - 65
138,1990,56,197711,234948.0,45 - 65
139,1990,57,246548,308934.0,45 - 65
140,1990,58,261294,322269.0,45 - 65
141,1990,59,296344,381177.0,45 - 65
142,1990,60,292886,383248.0,45 - 65
143,1990,61,301355,410137.0,45 - 65
144,1990,62,281255,386798.0,45 - 65
145,1990,63,243509,390404.0,45 - 65
146,1990,64,214022,372572.0,45 - 65
147,1990,65,194055,369345.0,65 - 80
148,1990,66,166625,326580.0,65 - 80
149,1990,67,138869,301648.0,65 - 80
150,1990,68,125330,258182.0,65 - 80
151,1990,69,103161,219641.0,65 - 80
152,1990,70,100962,227952.0,65 - 80
153,1990,71,89877,192789.0,65 - 80
154,1990,72,64494,153160.0,65 - 80
155,1990,73,64610,157870.0,65 - 80
156,1990,74,76812,186416.0,65 - 80
157,1990,75,93266,249580.0,65 - 80
158,1990,76,84161,209710.0,65 - 80
159,1990,77,85727,238935.0,65 - 80
160,1990,78,69153,187615.0,65 - 80
161,1990,79,67044,170551.0,65 - 80
164,1991,0,333778,317211.0,0 - 18
165,1991,1,352870,336108.0,0 - 18
166,1991,2,380815,362501.0,0 - 18
167,1991,3,380973,364403.0,0 - 18
168,1991,4,399856,384603.0,0 - 18
169,1991,5,388243,375319.0,0 - 18
170,1991,6,399552,383697.0,0 - 18
171,1991,7,406417,392458.0,0 - 18
172,1991,8,376274,361647.0,0 - 18
173,1991,9,363290,351469.0,0 - 18
174,1991,10,375371,361698.0,0 - 18
175,1991,11,366655,353101.0,0 - 18
176,1991,12,364744,353271.0,0 - 18
177,1991,13,357746,347474.0,0 - 18
178,1991,14,374246,363743.0,0 - 18
179,1991,15,370713,361873.0,0 - 18
180,1991,16,370474,360509.0,0 - 18
181,1991,17,373295,359332.0,0 - 18
182,1991,18,380980,370949.0,18 - 25
183,1991,19,365630,353121.0,18 - 25
184,1991,20,347904,344178.0,18 - 25
185,1991,21,327608,320938.0,18 - 25
186,1991,22,328031,329505.0,18 - 25
187,1991,23,334884,327443.0,18 - 25
188,1991,24,338821,336697.0,18 - 25
189,1991,25,331477,332455.0,25 - 45
190,1991,26,350885,351914.0,25 - 45
191,1991,27,372955,377976.0,25 - 45
192,1991,28,385121,391793.0,25 - 45
193,1991,29,394029,400022.0,25 - 45
194,1991,30,411047,416588.0,25 - 45
195,1991,31,400217,411682.0,25 - 45
196,1991,32,395306,405736.0,25 - 45
197,1991,33,388920,399299.0,25 - 45
198,1991,34,380121,394509.0,25 - 45
199,1991,35,362767,377784.0,25 - 45
200,1991,36,374288,391859.0,25 - 45
201,1991,37,347532,366061.0,25 - 45
202,1991,38,366680,385506.0,25 - 45
203,1991,39,361933,379271.0,25 - 45
204,1991,40,359788,382165.0,25 - 45
205,1991,41,378105,405966.0,25 - 45
206,1991,42,318195,344012.0,25 - 45
207,1991,43,285548,310646.0,25 - 45
208,1991,44,272612,301801.0,25 - 45
209,1991,45,178667,201725.0,45 - 65
210,1991,46,213481,241270.0,45 - 65
211,1991,47,192795,219183.0,45 - 65
212,1991,48,251903,289080.0,45 - 65
213,1991,49,326270,374326.0,45 - 65
214,1991,50,338858,392104.0,45 - 65
215,1991,51,370975,439450.0,45 - 65
216,1991,52,394807,470134.0,45 - 65
217,1991,53,418136,486483.0,45 - 65
218,1991,54,339568,397967.0,45 - 65
219,1991,55,292512,336935.0,45 - 65
220,1991,56,223704,257476.0,45 - 65
221,1991,57,193666,232738.0,45 - 65
222,1991,58,241037,305978.0,45 - 65
223,1991,59,255486,318779.0,45 - 65
224,1991,60,289975,378497.0,45 - 65
225,1991,61,284799,378214.0,45 - 65
226,1991,62,292726,404468.0,45 - 65
227,1991,63,272791,381250.0,45 - 65
228,1991,64,235181,384081.0,45 - 65
229,1991,65,206176,366123.0,65 - 80
230,1991,66,186403,361951.0,65 - 80
231,1991,67,159570,319453.0,65 - 80
232,1991,68,132673,294555.0,65 - 80
233,1991,69,119385,251871.0,65 - 80
234,1991,70,97838,213251.0,65 - 80
235,1991,71,95210,219843.0,65 - 80
236,1991,72,84645,187088.0,65 - 80
237,1991,73,60080,146227.0,65 - 80
238,1991,74,60053,150659.0,65 - 80
239,1991,75,71019,177005.0,65 - 80
240,1991,76,85579,236197.0,65 - 80
241,1991,77,76807,197261.0,65 - 80
242,1991,78,77666,223593.0,65 - 80
243,1991,79,62137,173689.0,65 - 80
246,1992,0,323446,306206.0,0 - 18
247,1992,1,334189,317853.0,0 - 18
248,1992,2,353785,336926.0,0 - 18
249,1992,3,381403,363292.0,0 - 18
250,1992,4,382792,365966.0,0 - 18
251,1992,5,401783,386492.0,0 - 18
252,1992,6,390194,376972.0,0 - 18
253,1992,7,401494,385380.0,0 - 18
254,1992,8,408323,393959.0,0 - 18
255,1992,9,377838,362668.0,0 - 18
256,1992,10,364622,352761.0,0 - 18
257,1992,11,376444,362966.0,0 - 18
258,1992,12,366726,353449.0,0 - 18
259,1992,13,364807,353629.0,0 - 18
260,1992,14,357491,347551.0,0 - 18
261,1992,15,374181,365206.0,0 - 18
262,1992,16,369112,361197.0,0 - 18
263,1992,17,367363,359998.0,0 - 18
264,1992,18,368554,357441.0,18 - 25
265,1992,19,377177,370050.0,18 - 25
266,1992,20,366423,353665.0,18 - 25
267,1992,21,349032,345047.0,18 - 25
268,1992,22,327609,321929.0,18 - 25
269,1992,23,328258,330376.0,18 - 25
270,1992,24,334025,328389.0,18 - 25
271,1992,25,339005,337935.0,25 - 45
272,1992,26,332130,334073.0,25 - 45
273,1992,27,351417,353376.0,25 - 45
274,1992,28,373653,379356.0,25 - 45
275,1992,29,385500,393096.0,25 - 45
276,1992,30,394986,402092.0,25 - 45
277,1992,31,411657,418652.0,25 - 45
278,1992,32,400183,412778.0,25 - 45
279,1992,33,395446,407149.0,25 - 45
280,1992,34,388456,400239.0,25 - 45
281,1992,35,380023,395893.0,25 - 45
282,1992,36,362359,378668.0,25 - 45
283,1992,37,373866,392693.0,25 - 45
284,1992,38,346571,366357.0,25 - 45
285,1992,39,365599,385950.0,25 - 45
286,1992,40,361097,380153.0,25 - 45
287,1992,41,358791,382769.0,25 - 45
288,1992,42,376598,406294.0,25 - 45
289,1992,43,316296,343736.0,25 - 45
290,1992,44,283821,310586.0,25 - 45
291,1992,45,270898,301790.0,45 - 65
292,1992,46,177521,201717.0,45 - 65
293,1992,47,211414,240828.0,45 - 65
294,1992,48,190735,218674.0,45 - 65
295,1992,49,249195,288270.0,45 - 65
296,1992,50,322887,374041.0,45 - 65
297,1992,51,335262,391603.0,45 - 65
298,1992,52,366494,438301.0,45 - 65
299,1992,53,389437,468282.0,45 - 65
300,1992,54,411817,484357.0,45 - 65
301,1992,55,333977,396204.0,45 - 65
302,1992,56,287236,335125.0,45 - 65
303,1992,57,219356,255931.0,45 - 65
304,1992,58,189212,230564.0,45 - 65
305,1992,59,235274,303124.0,45 - 65
306,1992,60,249199,315467.0,45 - 65
307,1992,61,283333,375918.0,45 - 65
308,1992,62,276023,373128.0,45 - 65
309,1992,63,283544,398838.0,45 - 65
310,1992,64,263811,375550.0,45 - 65
311,1992,65,226511,377590.0,65 - 80
312,1992,66,197956,359213.0,65 - 80
313,1992,67,178090,353847.0,65 - 80
314,1992,68,151766,311860.0,65 - 80
315,1992,69,126084,286628.0,65 - 80
316,1992,70,112974,244720.0,65 - 80
317,1992,71,92072,206069.0,65 - 80
318,1992,72,89214,211005.0,65 - 80
319,1992,73,79054,180936.0,65 - 80
320,1992,74,55534,138758.0,65 - 80
321,1992,75,55279,143086.0,65 - 80
322,1992,76,64846,167408.0,65 - 80
323,1992,77,77748,222325.0,65 - 80
324,1992,78,69284,184061.0,65 - 80
325,1992,79,69543,207501.0,65 - 80
328,1993,0,304090,289309.0,0 - 18
329,1993,1,324756,307991.0,0 - 18
330,1993,2,337063,320814.0,0 - 18
331,1993,3,356329,339812.0,0 - 18
332,1993,4,383551,365980.0,0 - 18
333,1993,5,386321,369634.0,0 - 18
334,1993,6,405467,390279.0,0 - 18
335,1993,7,393759,380530.0,0 - 18
336,1993,8,404708,389006.0,0 - 18
337,1993,9,411584,397189.0,0 - 18
338,1993,10,380618,365332.0,0 - 18
339,1993,11,367179,355482.0,0 - 18
340,1993,12,378614,365521.0,0 - 18
341,1993,13,367904,355224.0,0 - 18
342,1993,14,365882,355517.0,0 - 18
343,1993,15,358845,350736.0,0 - 18
344,1993,16,374833,367608.0,0 - 18
345,1993,17,367295,366294.0,0 - 18
346,1993,18,365774,362271.0,18 - 25
347,1993,19,366005,356784.0,18 - 25
348,1993,20,378656,369548.0,18 - 25
349,1993,21,369513,354731.0,18 - 25
350,1993,22,351533,344673.0,18 - 25
351,1993,23,329051,322407.0,18 - 25
352,1993,24,330246,331868.0,18 - 25
353,1993,25,335118,330453.0,25 - 45
354,1993,26,340457,340440.0,25 - 45
355,1993,27,334105,336926.0,25 - 45
356,1993,28,352901,356339.0,25 - 45
357,1993,29,375046,382508.0,25 - 45
358,1993,30,387204,396821.0,25 - 45
359,1993,31,396771,405776.0,25 - 45
360,1993,32,413373,422398.0,25 - 45
361,1993,33,401164,415598.0,25 - 45
362,1993,34,396591,410205.0,25 - 45
363,1993,35,388837,402646.0,25 - 45
364,1993,36,380642,398637.0,25 - 45
365,1993,37,362400,380663.0,25 - 45
366,1993,38,373992,394754.0,25 - 45
367,1993,39,346088,367953.0,25 - 45
368,1993,40,364696,387656.0,25 - 45
369,1993,41,360671,382215.0,25 - 45
370,1993,42,358210,384295.0,25 - 45
371,1993,43,375227,407537.0,25 - 45
372,1993,44,314898,344436.0,25 - 45
373,1993,45,282510,311054.0,45 - 65
374,1993,46,269846,302404.0,45 - 65
375,1993,47,176357,202032.0,45 - 65
376,1993,48,209575,240586.0,45 - 65
377,1993,49,188784,218277.0,45 - 65
378,1993,50,246537,287906.0,45 - 65
379,1993,51,319573,374031.0,45 - 65
380,1993,52,331475,391443.0,45 - 65
381,1993,53,361419,437339.0,45 - 65
382,1993,54,383329,466550.0,45 - 65
383,1993,55,405061,482534.0,45 - 65
384,1993,56,328283,394410.0,45 - 65
385,1993,57,281700,333335.0,45 - 65
386,1993,58,214753,254111.0,45 - 65
387,1993,59,184723,228070.0,45 - 65
388,1993,60,229156,299757.0,45 - 65
389,1993,61,242428,311696.0,45 - 65
390,1993,62,275883,372345.0,45 - 65
391,1993,63,266672,367469.0,45 - 65
392,1993,64,273448,392463.0,45 - 65
393,1993,65,253711,368766.0,65 - 80
394,1993,66,217365,370156.0,65 - 80
395,1993,67,188832,351539.0,65 - 80
396,1993,68,169545,344906.0,65 - 80
397,1993,69,143809,303075.0,65 - 80
398,1993,70,119165,277678.0,65 - 80
399,1993,71,106334,236840.0,65 - 80
400,1993,72,86341,198123.0,65 - 80
401,1993,73,82953,201636.0,65 - 80
402,1993,74,73529,173909.0,65 - 80
403,1993,75,51188,131008.0,65 - 80
404,1993,76,50586,134712.0,65 - 80
405,1993,77,58893,156912.0,65 - 80
406,1993,78,70005,206922.0,65 - 80
407,1993,79,61787,170097.0,65 - 80
410,1994,0,285432,271320.0,0 - 18
411,1994,1,303171,288476.0,0 - 18
412,1994,2,324720,308220.0,0 - 18
413,1994,3,337636,321312.0,0 - 18
414,1994,4,356740,340226.0,0 - 18
415,1994,5,383504,365947.0,0 - 18
416,1994,6,387518,370667.0,0 - 18
417,1994,7,407022,391539.0,0 - 18
418,1994,8,395274,381709.0,0 - 18
419,1994,9,406042,390219.0,0 - 18
420,1994,10,413040,398116.0,0 - 18
421,1994,11,381542,365915.0,0 - 18
422,1994,12,368044,356304.0,0 - 18
423,1994,13,379275,366153.0,0 - 18
424,1994,14,367537,355060.0,0 - 18
425,1994,15,365995,356128.0,0 - 18
426,1994,16,358077,350530.0,0 - 18
427,1994,17,372915,365725.0,0 - 18
428,1994,18,365643,364649.0,18 - 25
429,1994,19,363223,359763.0,18 - 25
430,1994,20,364647,354307.0,18 - 25
431,1994,21,376790,366861.0,18 - 25
432,1994,22,365740,352686.0,18 - 25
433,1994,23,349496,343939.0,18 - 25
434,1994,24,326750,322201.0,18 - 25
435,1994,25,328226,331402.0,25 - 45
436,1994,26,332717,330192.0,25 - 45
437,1994,27,338847,340503.0,25 - 45
438,1994,28,333120,337397.0,25 - 45
439,1994,29,351654,356848.0,25 - 45
440,1994,30,374038,382963.0,25 - 45
441,1994,31,385887,397323.0,25 - 45
442,1994,32,395856,406593.0,25 - 45
443,1994,33,412473,423441.0,25 - 45
444,1994,34,399429,415760.0,25 - 45
445,1994,35,395269,410803.0,25 - 45
446,1994,36,386591,402624.0,25 - 45
447,1994,37,379013,399060.0,25 - 45
448,1994,38,360446,380590.0,25 - 45
449,1994,39,371649,394690.0,25 - 45
450,1994,40,343347,367480.0,25 - 45
451,1994,41,361623,387091.0,25 - 45
452,1994,42,357961,382236.0,25 - 45
453,1994,43,355318,384000.0,25 - 45
454,1994,44,371822,406697.0,25 - 45
455,1994,45,311344,343329.0,45 - 65
456,1994,46,279184,310159.0,45 - 65
457,1994,47,266421,301662.0,45 - 65
458,1994,48,173973,201549.0,45 - 65
459,1994,49,206497,239632.0,45 - 65
460,1994,50,185685,217315.0,45 - 65
461,1994,51,242379,286557.0,45 - 65
462,1994,52,314173,372712.0,45 - 65
463,1994,53,325828,389889.0,45 - 65
464,1994,54,354404,435027.0,45 - 65
465,1994,55,375446,463545.0,45 - 65
466,1994,56,396494,479300.0,45 - 65
467,1994,57,320752,391222.0,45 - 65
468,1994,58,274551,330451.0,45 - 65
469,1994,59,208923,251561.0,45 - 65
470,1994,60,179135,225036.0,45 - 65
471,1994,61,222058,295789.0,45 - 65
472,1994,62,234379,307126.0,45 - 65
473,1994,63,267080,368097.0,45 - 65
474,1994,64,255929,360725.0,45 - 65
475,1994,65,261679,384930.0,65 - 80
476,1994,66,242007,361153.0,65 - 80
477,1994,67,206723,361355.0,65 - 80
478,1994,68,179104,342626.0,65 - 80
479,1994,69,160018,334709.0,65 - 80
480,1994,70,135180,293419.0,65 - 80
481,1994,71,111461,267749.0,65 - 80
482,1994,72,99135,227900.0,65 - 80
483,1994,73,80116,189488.0,65 - 80
484,1994,74,76297,191200.0,65 - 80
485,1994,75,67256,165732.0,65 - 80
486,1994,76,46401,122656.0,65 - 80
487,1994,77,45627,125665.0,65 - 80
488,1994,78,52558,145292.0,65 - 80
489,1994,79,61874,190419.0,65 - 80
492,1995,0,264999,250881.0,0 - 18
493,1995,1,282728,269050.0,0 - 18
494,1995,2,301325,286640.0,0 - 18
495,1995,3,322937,306621.0,0 - 18
496,1995,4,336324,320094.0,0 - 18
497,1995,5,355133,338489.0,0 - 18
498,1995,6,381270,363951.0,0 - 18
499,1995,7,386555,369783.0,0 - 18
500,1995,8,406583,390814.0,0 - 18
501,1995,9,394892,381012.0,0 - 18
502,1995,10,405590,389577.0,0 - 18
503,1995,11,412724,397363.0,0 - 18
504,1995,12,380977,364926.0,0 - 18
505,1995,13,367630,355837.0,0 - 18
506,1995,14,378468,365485.0,0 - 18
507,1995,15,365790,353928.0,0 - 18
508,1995,16,364008,354636.0,0 - 18
509,1995,17,353787,347275.0,0 - 18
510,1995,18,370531,363613.0,18 - 25
511,1995,19,363353,361573.0,18 - 25
512,1995,20,361515,356396.0,18 - 25
513,1995,21,361085,350406.0,18 - 25
514,1995,22,371466,361746.0,18 - 25
515,1995,23,361073,349189.0,18 - 25
516,1995,24,346558,341636.0,18 - 25
517,1995,25,323306,320005.0,25 - 45
518,1995,26,325299,329028.0,25 - 45
519,1995,27,328780,327839.0,25 - 45
520,1995,28,335324,338452.0,25 - 45
521,1995,29,330000,335578.0,25 - 45
522,1995,30,348135,354842.0,25 - 45
523,1995,31,370585,381030.0,25 - 45
524,1995,32,381967,395382.0,25 - 45
525,1995,33,392688,405244.0,25 - 45
526,1995,34,409141,422063.0,25 - 45
527,1995,35,395438,413698.0,25 - 45
528,1995,36,391605,409367.0,25 - 45
529,1995,37,382141,400655.0,25 - 45
530,1995,38,375108,397657.0,25 - 45
531,1995,39,356211,378760.0,25 - 45
532,1995,40,366985,392701.0,25 - 45
533,1995,41,338793,365359.0,25 - 45
534,1995,42,356515,384802.0,25 - 45
535,1995,43,353204,380596.0,25 - 45
536,1995,44,350558,382193.0,25 - 45
537,1995,45,366059,404425.0,45 - 65
538,1995,46,306386,341017.0,45 - 65
539,1995,47,274290,307905.0,45 - 65
540,1995,48,261590,299820.0,45 - 65
541,1995,49,170755,200335.0,45 - 65
542,1995,50,202355,237874.0,45 - 65
543,1995,51,182015,215933.0,45 - 65
544,1995,52,237245,284336.0,45 - 65
545,1995,53,307444,370264.0,45 - 65
546,1995,54,318699,387022.0,45 - 65
547,1995,55,345932,431039.0,45 - 65
548,1995,56,366257,458768.0,45 - 65
549,1995,57,385897,474187.0,45 - 65
550,1995,58,311679,386677.0,45 - 65
551,1995,59,266392,326221.0,45 - 65
552,1995,60,201835,248014.0,45 - 65
553,1995,61,172572,221408.0,45 - 65
554,1995,62,213872,290765.0,45 - 65
555,1995,63,225427,301594.0,45 - 65
556,1995,64,257201,362546.0,45 - 65
557,1995,65,244176,352670.0,65 - 80
558,1995,66,249257,375850.0,65 - 80
559,1995,67,229704,352061.0,65 - 80
560,1995,68,195001,351172.0,65 - 80
561,1995,69,168800,332133.0,65 - 80
562,1995,70,149839,322754.0,65 - 80
563,1995,71,126176,282282.0,65 - 80
564,1995,72,103450,256215.0,65 - 80
565,1995,73,91806,217843.0,65 - 80
566,1995,74,73765,179803.0,65 - 80
567,1995,75,69499,179504.0,65 - 80
568,1995,76,61195,156439.0,65 - 80
569,1995,77,41808,113371.0,65 - 80
570,1995,78,40625,115971.0,65 - 80
571,1995,79,46474,132742.0,65 - 80
574,1996,0,250479,236676.0,0 - 18
575,1996,1,263180,249512.0,0 - 18
576,1996,2,281100,267414.0,0 - 18
577,1996,3,299949,285344.0,0 - 18
578,1996,4,321683,305396.0,0 - 18
579,1996,5,335594,319309.0,0 - 18
580,1996,6,353807,337163.0,0 - 18
581,1996,7,379412,362256.0,0 - 18
582,1996,8,385840,368925.0,0 - 18
583,1996,9,406427,390389.0,0 - 18
584,1996,10,394652,380500.0,0 - 18
585,1996,11,405397,389242.0,0 - 18
586,1996,12,412510,396778.0,0 - 18
587,1996,13,380570,364009.0,0 - 18
588,1996,14,367145,355330.0,0 - 18
589,1996,15,377661,364968.0,0 - 18
590,1996,16,363860,352346.0,0 - 18
591,1996,17,360430,351477.0,0 - 18
592,1996,18,352000,345168.0,18 - 25
593,1996,19,368454,361534.0,18 - 25
594,1996,20,362455,359317.0,18 - 25
595,1996,21,359047,353446.0,18 - 25
596,1996,22,356200,346177.0,18 - 25
597,1996,23,366709,358266.0,18 - 25
598,1996,24,357901,347047.0,18 - 25
599,1996,25,344876,340401.0,25 - 45
600,1996,26,320834,318542.0,25 - 45
601,1996,27,323321,327110.0,25 - 45
602,1996,28,325520,326103.0,25 - 45
603,1996,29,332680,336787.0,25 - 45
604,1996,30,327518,334323.0,25 - 45
605,1996,31,345120,353296.0,25 - 45
606,1996,32,367531,379417.0,25 - 45
607,1996,33,378667,393604.0,25 - 45
608,1996,34,389681,404158.0,25 - 45
609,1996,35,405822,420780.0,25 - 45
610,1996,36,391428,411739.0,25 - 45
611,1996,37,387957,407895.0,25 - 45
612,1996,38,377833,398588.0,25 - 45
613,1996,39,371267,396033.0,25 - 45
614,1996,40,351739,376835.0,25 - 45
615,1996,41,362150,390820.0,25 - 45
616,1996,42,333872,363236.0,25 - 45
617,1996,43,351230,382520.0,25 - 45
618,1996,44,348165,378898.0,25 - 45
619,1996,45,345154,380194.0,45 - 65
620,1996,46,360270,401970.0,45 - 65
621,1996,47,301201,338513.0,45 - 65
622,1996,48,269204,305508.0,45 - 65
623,1996,49,256544,297798.0,45 - 65
624,1996,50,166947,198840.0,45 - 65
625,1996,51,197974,236160.0,45 - 65
626,1996,52,177897,214184.0,45 - 65
627,1996,53,231583,281956.0,45 - 65
628,1996,54,300051,367402.0,45 - 65
629,1996,55,310641,383745.0,45 - 65
630,1996,56,336827,426999.0,45 - 65
631,1996,57,355797,453658.0,45 - 65
632,1996,58,374633,468527.0,45 - 65
633,1996,59,302140,381818.0,45 - 65
634,1996,60,257036,321703.0,45 - 65
635,1996,61,194562,244322.0,45 - 65
636,1996,62,165776,217421.0,45 - 65
637,1996,63,205052,285364.0,45 - 65
638,1996,64,215510,295504.0,45 - 65
639,1996,65,246428,356327.0,65 - 80
640,1996,66,231857,344131.0,65 - 80
641,1996,67,236227,366263.0,65 - 80
642,1996,68,216780,342638.0,65 - 80
643,1996,69,183382,340425.0,65 - 80
644,1996,70,158068,320928.0,65 - 80
645,1996,71,139584,310284.0,65 - 80
646,1996,72,116814,270418.0,65 - 80
647,1996,73,95456,244294.0,65 - 80
648,1996,74,84494,207160.0,65 - 80
649,1996,75,67286,169757.0,65 - 80
650,1996,76,62828,167799.0,65 - 80
651,1996,77,55120,146920.0,65 - 80
652,1996,78,37072,103992.0,65 - 80
653,1996,79,35788,105970.0,65 - 80
656,1997,0,238069,223722.0,0 - 18
657,1997,1,249187,235812.0,0 - 18
658,1997,2,261996,248321.0,0 - 18
659,1997,3,279237,265608.0,0 - 18
660,1997,4,298517,283960.0,0 - 18
661,1997,5,320106,304016.0,0 - 18
662,1997,6,334347,318052.0,0 - 18
663,1997,7,352098,335640.0,0 - 18
664,1997,8,377330,360063.0,0 - 18
665,1997,9,384894,367810.0,0 - 18
666,1997,10,405921,389593.0,0 - 18
667,1997,11,394136,379739.0,0 - 18
668,1997,12,404820,388483.0,0 - 18
669,1997,13,412112,396023.0,0 - 18
670,1997,14,379873,362874.0,0 - 18
671,1997,15,366407,354636.0,0 - 18
672,1997,16,376428,363989.0,0 - 18
673,1997,17,360852,349730.0,0 - 18
674,1997,18,359320,349844.0,18 - 25
675,1997,19,349945,342511.0,18 - 25
676,1997,20,367624,359133.0,18 - 25
677,1997,21,360415,356512.0,18 - 25
678,1997,22,354868,349225.0,18 - 25
679,1997,23,351351,342443.0,18 - 25
680,1997,24,361829,354659.0,18 - 25
681,1997,25,353853,344898.0,25 - 45
682,1997,26,342434,338975.0,25 - 45
683,1997,27,317662,316833.0,25 - 45
684,1997,28,320799,325092.0,25 - 45
685,1997,29,321728,323808.0,25 - 45
686,1997,30,329313,334698.0,25 - 45
687,1997,31,324398,332722.0,25 - 45
688,1997,32,341593,351500.0,25 - 45
689,1997,33,363853,377541.0,25 - 45
690,1997,34,374596,391244.0,25 - 45
691,1997,35,386046,402586.0,25 - 45
692,1997,36,401932,419094.0,25 - 45
693,1997,37,387130,409420.0,25 - 45
694,1997,38,383647,406001.0,25 - 45
695,1997,39,372784,396131.0,25 - 45
696,1997,40,366600,394175.0,25 - 45
697,1997,41,346904,374585.0,25 - 45
698,1997,42,357193,388550.0,25 - 45
699,1997,43,328697,360718.0,25 - 45
700,1997,44,345604,379875.0,25 - 45
701,1997,45,342597,376774.0,45 - 65
702,1997,46,339726,377827.0,45 - 65
703,1997,47,354059,399210.0,45 - 65
704,1997,48,295479,335628.0,45 - 65
705,1997,49,263790,302902.0,45 - 65
706,1997,50,250661,295428.0,45 - 65
707,1997,51,163297,197352.0,45 - 65
708,1997,52,193327,234231.0,45 - 65
709,1997,53,173589,212407.0,45 - 65
710,1997,54,225687,279273.0,45 - 65
711,1997,55,292462,364181.0,45 - 65
712,1997,56,302482,380204.0,45 - 65
713,1997,57,327290,422376.0,45 - 65
714,1997,58,344936,447954.0,45 - 65
715,1997,59,362915,462538.0,45 - 65
716,1997,60,291737,376430.0,45 - 65
717,1997,61,247569,316832.0,45 - 65
718,1997,62,186949,240264.0,45 - 65
719,1997,63,158681,213238.0,45 - 65
720,1997,64,196121,279548.0,45 - 65
721,1997,65,205564,289106.0,65 - 80
722,1997,66,235986,349838.0,65 - 80
723,1997,67,219788,335044.0,65 - 80
724,1997,68,222757,355970.0,65 - 80
725,1997,69,203737,332495.0,65 - 80
726,1997,70,171692,328968.0,65 - 80
727,1997,71,147558,309368.0,65 - 80
728,1997,72,129220,297473.0,65 - 80
729,1997,73,107733,257993.0,65 - 80
730,1997,74,87658,231812.0,65 - 80
731,1997,75,77429,196021.0,65 - 80
732,1997,76,60936,159563.0,65 - 80
733,1997,77,56339,155687.0,65 - 80
734,1997,78,49405,137121.0,65 - 80
735,1997,79,32638,94792.0,65 - 80
738,1998,0,224714,212900.0,0 - 18
739,1998,1,237505,223809.0,0 - 18
740,1998,2,248608,235542.0,0 - 18
741,1998,3,261033,247378.0,0 - 18
742,1998,4,277710,264187.0,0 - 18
743,1998,5,297276,282789.0,0 - 18
744,1998,6,318874,302854.0,0 - 18
745,1998,7,333454,317267.0,0 - 18
746,1998,8,350896,334342.0,0 - 18
747,1998,9,375563,358398.0,0 - 18
748,1998,10,384339,367028.0,0 - 18
749,1998,11,405720,389181.0,0 - 18
750,1998,12,393892,379267.0,0 - 18
751,1998,13,404495,388020.0,0 - 18
752,1998,14,412075,395419.0,0 - 18
753,1998,15,379424,362006.0,0 - 18
754,1998,16,365695,354030.0,0 - 18
755,1998,17,374872,362434.0,0 - 18
756,1998,18,359830,348084.0,18 - 25
757,1998,19,357636,347888.0,18 - 25
758,1998,20,347654,340368.0,18 - 25
759,1998,21,365435,357341.0,18 - 25
760,1998,22,356995,353538.0,18 - 25
761,1998,23,351538,346533.0,18 - 25
762,1998,24,347120,339451.0,18 - 25
763,1998,25,357026,351849.0,25 - 45
764,1998,26,350310,343290.0,25 - 45
765,1998,27,340681,338236.0,25 - 45
766,1998,28,315324,315687.0,25 - 45
767,1998,29,319027,323503.0,25 - 45
768,1998,30,318895,322320.0,25 - 45
769,1998,31,326797,333326.0,25 - 45
770,1998,32,322040,331625.0,25 - 45
771,1998,33,338725,349880.0,25 - 45
772,1998,34,360666,376074.0,25 - 45
773,1998,35,371196,389436.0,25 - 45
774,1998,36,382934,401463.0,25 - 45
775,1998,37,398671,417894.0,25 - 45
776,1998,38,383125,407409.0,25 - 45
777,1998,39,379873,404516.0,25 - 45
778,1998,40,368155,393962.0,25 - 45
779,1998,41,362727,392678.0,25 - 45
780,1998,42,342436,372671.0,25 - 45
781,1998,43,352562,386635.0,25 - 45
782,1998,44,323903,358395.0,25 - 45
783,1998,45,340126,377447.0,45 - 65
784,1998,46,337762,374990.0,45 - 65
785,1998,47,334591,375670.0,45 - 65
786,1998,48,348260,396513.0,45 - 65
787,1998,49,290000,333056.0,45 - 65
788,1998,50,258468,300566.0,45 - 65
789,1998,51,245677,293406.0,45 - 65
790,1998,52,159977,196022.0,45 - 65
791,1998,53,188792,232334.0,45 - 65
792,1998,54,169379,210620.0,45 - 65
793,1998,55,219931,276590.0,45 - 65
794,1998,56,285307,361168.0,45 - 65
795,1998,57,294716,376742.0,45 - 65
796,1998,58,318180,417855.0,45 - 65
797,1998,59,334641,442494.0,45 - 65
798,1998,60,350429,456529.0,45 - 65
799,1998,61,281735,371202.0,45 - 65
800,1998,62,238582,312157.0,45 - 65
801,1998,63,179523,236264.0,45 - 65
802,1998,64,151914,208937.0,45 - 65
803,1998,65,187402,273776.0,65 - 80
804,1998,66,196051,282808.0,65 - 80
805,1998,67,225384,343153.0,65 - 80
806,1998,68,207739,326060.0,65 - 80
807,1998,69,209963,345612.0,65 - 80
808,1998,70,191285,321959.0,65 - 80
809,1998,71,160457,317361.0,65 - 80
810,1998,72,137343,297272.0,65 - 80
811,1998,73,119446,284518.0,65 - 80
812,1998,74,99180,245616.0,65 - 80
813,1998,75,80041,219007.0,65 - 80
814,1998,76,70647,184662.0,65 - 80
815,1998,77,55016,148957.0,65 - 80
816,1998,78,50269,143335.0,65 - 80
817,1998,79,44103,127499.0,65 - 80
820,1999,0,212834,202058.0,0 - 18
821,1999,1,223148,211842.0,0 - 18
822,1999,2,237507,224340.0,0 - 18
823,1999,3,248102,235317.0,0 - 18
824,1999,4,259867,246405.0,0 - 18
825,1999,5,276106,262716.0,0 - 18
826,1999,6,296011,281616.0,0 - 18
827,1999,7,317589,301600.0,0 - 18
828,1999,8,332602,316225.0,0 - 18
829,1999,9,349501,333073.0,0 - 18
830,1999,10,373659,356465.0,0 - 18
831,1999,11,383733,366169.0,0 - 18
832,1999,12,405404,388543.0,0 - 18
833,1999,13,393580,378606.0,0 - 18
834,1999,14,403923,387478.0,0 - 18
835,1999,15,411777,394803.0,0 - 18
836,1999,16,378743,360996.0,0 - 18
837,1999,17,364473,352884.0,0 - 18
838,1999,18,374121,361654.0,18 - 25
839,1999,19,358012,345813.0,18 - 25
840,1999,20,355568,346004.0,18 - 25
841,1999,21,344823,338107.0,18 - 25
842,1999,22,362256,354337.0,18 - 25
843,1999,23,354568,350990.0,18 - 25
844,1999,24,348177,343895.0,18 - 25
845,1999,25,342678,336573.0,25 - 45
846,1999,26,352235,349013.0,25 - 45
847,1999,27,346487,341544.0,25 - 45
848,1999,28,338445,337153.0,25 - 45
849,1999,29,313048,314443.0,25 - 45
850,1999,30,317107,322053.0,25 - 45
851,1999,31,316070,320620.0,25 - 45
852,1999,32,324045,331880.0,25 - 45
853,1999,33,319649,330296.0,25 - 45
854,1999,34,335727,348274.0,25 - 45
855,1999,35,357536,374428.0,25 - 45
856,1999,36,367851,387421.0,25 - 45
857,1999,37,379908,400159.0,25 - 45
858,1999,38,395349,416575.0,25 - 45
859,1999,39,379223,405286.0,25 - 45
860,1999,40,375928,402861.0,25 - 45
861,1999,41,363724,391809.0,25 - 45
862,1999,42,358762,391143.0,25 - 45
863,1999,43,338184,370747.0,25 - 45
864,1999,44,347959,384606.0,25 - 45
865,1999,45,319078,356074.0,45 - 65
866,1999,46,334979,374999.0,45 - 65
867,1999,47,332969,373129.0,45 - 65
868,1999,48,329680,373348.0,45 - 65
869,1999,49,342531,393790.0,45 - 65
870,1999,50,284581,330338.0,45 - 65
871,1999,51,253488,298100.0,45 - 65
872,1999,52,241017,291345.0,45 - 65
873,1999,53,156649,194717.0,45 - 65
874,1999,54,184478,230435.0,45 - 65
875,1999,55,165203,208778.0,45 - 65
876,1999,56,214543,273819.0,45 - 65
877,1999,57,278362,358107.0,45 - 65
878,1999,58,287565,373149.0,45 - 65
879,1999,59,309356,413160.0,45 - 65
880,1999,60,324024,436930.0,45 - 65
881,1999,61,338957,450637.0,45 - 65
882,1999,62,272090,365836.0,45 - 65
883,1999,63,230017,307352.0,45 - 65
884,1999,64,172573,232261.0,45 - 65
885,1999,65,145358,204498.0,65 - 80
886,1999,66,178988,267843.0,65 - 80
887,1999,67,186787,276153.0,65 - 80
888,1999,68,215301,336036.0,65 - 80
889,1999,69,196142,316421.0,65 - 80
890,1999,70,197585,334806.0,65 - 80
891,1999,71,179130,310978.0,65 - 80
892,1999,72,149721,305355.0,65 - 80
893,1999,73,127702,284984.0,65 - 80
894,1999,74,110216,270795.0,65 - 80
895,1999,75,91076,232523.0,65 - 80
896,1999,76,72856,206210.0,65 - 80
897,1999,77,63951,173258.0,65 - 80
898,1999,78,49490,138542.0,65 - 80
899,1999,79,44601,131060.0,65 - 80
902,2000,0,198354,186626.0,0 - 18
903,2000,1,211574,201520.0,0 - 18
904,2000,2,222025,210955.0,0 - 18
905,2000,3,237571,224936.0,0 - 18
906,2000,4,247730,235171.0,0 - 18
907,2000,5,258911,245649.0,0 - 18
908,2000,6,274767,261421.0,0 - 18
909,2000,7,295126,280635.0,0 - 18
910,2000,8,316689,300710.0,0 - 18
911,2000,9,332133,315643.0,0 - 18
912,2000,10,348546,332038.0,0 - 18
913,2000,11,372185,355096.0,0 - 18
914,2000,12,383486,365679.0,0 - 18
915,2000,13,405515,388381.0,0 - 18
916,2000,14,393611,378294.0,0 - 18
917,2000,15,403743,387170.0,0 - 18
918,2000,16,411699,394344.0,0 - 18
919,2000,17,378173,359877.0,0 - 18
920,2000,18,364007,352268.0,18 - 25
921,2000,19,373278,360957.0,18 - 25
922,2000,20,356040,344301.0,18 - 25
923,2000,21,353246,344551.0,18 - 25
924,2000,22,342278,336205.0,18 - 25
925,2000,23,359744,352897.0,18 - 25
926,2000,24,351949,349131.0,18 - 25
927,2000,25,344642,341768.0,25 - 45
928,2000,26,337944,334177.0,25 - 45
929,2000,27,347419,346611.0,25 - 45
930,2000,28,342767,340297.0,25 - 45
931,2000,29,336524,336734.0,25 - 45
932,2000,30,310539,313684.0,25 - 45
933,2000,31,315051,320986.0,25 - 45
934,2000,32,313033,319463.0,25 - 45
935,2000,33,321395,330804.0,25 - 45
936,2000,34,317269,329579.0,25 - 45
937,2000,35,332848,347162.0,25 - 45
938,2000,36,354366,373351.0,25 - 45
939,2000,37,364536,385932.0,25 - 45
940,2000,38,376970,399262.0,25 - 45
941,2000,39,392200,415637.0,25 - 45
942,2000,40,375160,403527.0,25 - 45
943,2000,41,372181,401504.0,25 - 45
944,2000,42,359431,389912.0,25 - 45
945,2000,43,354779,389834.0,25 - 45
946,2000,44,333954,369013.0,25 - 45
947,2000,45,343351,382852.0,45 - 65
948,2000,46,314360,353876.0,45 - 65
949,2000,47,329705,372773.0,45 - 65
950,2000,48,328141,371416.0,45 - 65
951,2000,49,324565,371216.0,45 - 65
952,2000,50,336486,391172.0,45 - 65
953,2000,51,279460,327918.0,45 - 65
954,2000,52,248474,295800.0,45 - 65
955,2000,53,236132,289317.0,45 - 65
956,2000,54,153343,193346.0,45 - 65
957,2000,55,179927,228545.0,45 - 65
958,2000,56,161042,206984.0,45 - 65
959,2000,57,208991,271191.0,45 - 65
960,2000,58,271361,355048.0,45 - 65
961,2000,59,279809,369619.0,45 - 65
962,2000,60,299927,408422.0,45 - 65
963,2000,61,313367,431414.0,45 - 65
964,2000,62,327025,444500.0,45 - 65
965,2000,63,262164,360518.0,45 - 65
966,2000,64,221053,302361.0,45 - 65
967,2000,65,165209,227940.0,65 - 80
968,2000,66,138717,199954.0,65 - 80
969,2000,67,170418,261512.0,65 - 80
970,2000,68,177319,269136.0,65 - 80
971,2000,69,204863,328520.0,65 - 80
972,2000,70,184143,306400.0,65 - 80
973,2000,71,184966,323666.0,65 - 80
974,2000,72,167102,299588.0,65 - 80
975,2000,73,138864,292525.0,65 - 80
976,2000,74,117890,272000.0,65 - 80
977,2000,75,100913,256547.0,65 - 80
978,2000,76,82848,219074.0,65 - 80
979,2000,77,65831,192741.0,65 - 80
980,2000,78,57521,161462.0,65 - 80
981,2000,79,44127,127666.0,65 - 80
984,2001,0,197071,184168.0,0 - 18
985,2001,1,198423,187455.0,0 - 18
986,2001,2,210837,201364.0,0 - 18
987,2001,3,220976,210133.0,0 - 18
988,2001,4,237644,225509.0,0 - 18
989,2001,5,247322,235011.0,0 - 18
990,2001,6,257989,244858.0,0 - 18
991,2001,7,273400,260128.0,0 - 18
992,2001,8,294140,279692.0,0 - 18
993,2001,9,315702,299816.0,0 - 18
994,2001,10,331620,315015.0,0 - 18
995,2001,11,347534,331073.0,0 - 18
996,2001,12,370686,353625.0,0 - 18
997,2001,13,383189,365171.0,0 - 18
998,2001,14,405625,388117.0,0 - 18
999,2001,15,393572,377931.0,0 - 18
1000,2001,16,403599,386913.0,0 - 18
1001,2001,17,411527,393848.0,0 - 18
1002,2001,18,377783,358985.0,18 - 25
1003,2001,19,363604,351763.0,18 - 25
1004,2001,20,372275,360318.0,18 - 25
1005,2001,21,353983,342837.0,18 - 25
1006,2001,22,350922,343085.0,18 - 25
1007,2001,23,339633,334373.0,18 - 25
1008,2001,24,357097,351461.0,18 - 25
1009,2001,25,349116,347411.0,25 - 45
1010,2001,26,340949,339768.0,25 - 45
1011,2001,27,333119,331726.0,25 - 45
1012,2001,28,342493,344152.0,25 - 45
1013,2001,29,338820,339088.0,25 - 45
1014,2001,30,334340,336347.0,25 - 45
1015,2001,31,308037,312903.0,25 - 45
1016,2001,32,313017,319893.0,25 - 45
1017,2001,33,309841,318208.0,25 - 45
1018,2001,34,318609,329704.0,25 - 45
1019,2001,35,314659,328759.0,25 - 45
1020,2001,36,329808,345991.0,25 - 45
1021,2001,37,351159,372165.0,25 - 45
1022,2001,38,360838,384308.0,25 - 45
1023,2001,39,373653,398258.0,25 - 45
1024,2001,40,388346,414590.0,25 - 45
1025,2001,41,370789,401728.0,25 - 45
1026,2001,42,367998,400126.0,25 - 45
1027,2001,43,354633,387964.0,25 - 45
1028,2001,44,350264,388428.0,25 - 45
1029,2001,45,328924,367222.0,45 - 65
1030,2001,46,338163,380942.0,45 - 65
1031,2001,47,309088,351666.0,45 - 65
1032,2001,48,323928,370323.0,45 - 65
1033,2001,49,322727,369489.0,45 - 65
1034,2001,50,318674,368925.0,45 - 65
1035,2001,51,330028,388504.0,45 - 65
1036,2001,52,273695,325215.0,45 - 65
1037,2001,53,243015,293386.0,45 - 65
1038,2001,54,230846,287126.0,45 - 65
1039,2001,55,149568,191840.0,45 - 65
1040,2001,56,175218,226408.0,45 - 65
1041,2001,57,156600,204960.0,45 - 65
1042,2001,58,202994,268305.0,45 - 65
1043,2001,59,263900,351677.0,45 - 65
1044,2001,60,271291,365664.0,45 - 65
1045,2001,61,289832,403356.0,45 - 65
1046,2001,62,301980,425261.0,45 - 65
1047,2001,63,314016,437767.0,45 - 65
1048,2001,64,251695,354592.0,45 - 65
1049,2001,65,211410,296635.0,65 - 80
1050,2001,66,157614,223204.0,65 - 80
1051,2001,67,131880,194985.0,65 - 80
1052,2001,68,161420,254829.0,65 - 80
1053,2001,69,167649,261683.0,65 - 80
1054,2001,70,194230,320309.0,65 - 80
1055,2001,71,171907,295514.0,65 - 80
1056,2001,72,171953,311338.0,65 - 80
1057,2001,73,154197,287521.0,65 - 80
1058,2001,74,128061,278847.0,65 - 80
1059,2001,75,108036,257998.0,65 - 80
1060,2001,76,91396,241536.0,65 - 80
1061,2001,77,74535,204858.0,65 - 80
1062,2001,78,58897,178560.0,65 - 80
1063,2001,79,51234,149110.0,65 - 80
1066,2002,0,183728,174438.0,0 - 18
1067,2002,1,197079,185763.0,0 - 18
1068,2002,2,198994,188746.0,0 - 18
1069,2002,3,211056,201994.0,0 - 18
1070,2002,4,221367,211030.0,0 - 18
1071,2002,5,238066,226191.0,0 - 18
1072,2002,6,247834,235838.0,0 - 18
1073,2002,7,257962,244903.0,0 - 18
1074,2002,8,273724,260868.0,0 - 18
1075,2002,9,294357,279364.0,0 - 18
1076,2002,10,316649,300977.0,0 - 18
1077,2002,11,332028,315536.0,0 - 18
1078,2002,12,346771,330212.0,0 - 18
1079,2002,13,370864,354080.0,0 - 18
1080,2002,14,384227,365217.0,0 - 18
1081,2002,15,405506,388372.0,0 - 18
1082,2002,16,393151,377438.0,0 - 18
1083,2002,17,404761,387885.0,0 - 18
1084,2002,18,411127,392748.0,18 - 25
1085,2002,19,374993,355587.0,18 - 25
1086,2002,20,362328,350984.0,18 - 25
1087,2002,21,369762,358296.0,18 - 25
1088,2002,22,351105,340829.0,18 - 25
1089,2002,23,347774,340772.0,18 - 25
1090,2002,24,336016,331722.0,18 - 25
1091,2002,25,354896,350699.0,25 - 45
1092,2002,26,344156,343271.0,25 - 45
1093,2002,27,337491,337833.0,25 - 45
1094,2002,28,327280,328745.0,25 - 45
1095,2002,29,336693,340946.0,25 - 45
1096,2002,30,334121,337069.0,25 - 45
1097,2002,31,330255,333923.0,25 - 45
1098,2002,32,305473,312433.0,25 - 45
1099,2002,33,310068,318016.0,25 - 45
1100,2002,34,306126,316619.0,25 - 45
1101,2002,35,315246,328313.0,25 - 45
1102,2002,36,311276,327117.0,25 - 45
1103,2002,37,327768,346457.0,25 - 45
1104,2002,38,349143,372024.0,25 - 45
1105,2002,39,356964,382771.0,25 - 45
1106,2002,40,369648,396724.0,25 - 45
1107,2002,41,385094,414439.0,25 - 45
1108,2002,42,366007,399853.0,25 - 45
1109,2002,43,363359,398058.0,25 - 45
1110,2002,44,349330,385819.0,25 - 45
1111,2002,45,344061,385203.0,45 - 65
1112,2002,46,324947,366721.0,45 - 65
1113,2002,47,331211,376647.0,45 - 65
1114,2002,48,303567,348994.0,45 - 65
1115,2002,49,319408,369660.0,45 - 65
1116,2002,50,316129,366260.0,45 - 65
1117,2002,51,312472,366461.0,45 - 65
1118,2002,52,323229,386388.0,45 - 65
1119,2002,53,261932,313385.0,45 - 65
1120,2002,54,240788,295544.0,45 - 65
1121,2002,55,221485,279364.0,45 - 65
1122,2002,56,146084,190689.0,45 - 65
1123,2002,57,171337,225037.0,45 - 65
1124,2002,58,153392,204736.0,45 - 65
1125,2002,59,200554,270033.0,45 - 65
1126,2002,60,258826,350920.0,45 - 65
1127,2002,61,264158,365121.0,45 - 65
1128,2002,62,282968,401709.0,45 - 65
1129,2002,63,291022,418211.0,45 - 65
1130,2002,64,301358,429757.0,45 - 65
1131,2002,65,240040,344728.0,65 - 80
1132,2002,66,200486,287974.0,65 - 80
1133,2002,67,147240,213973.0,65 - 80
1134,2002,68,126974,194033.0,65 - 80
1135,2002,69,153893,248830.0,65 - 80
1136,2002,70,161253,260677.0,65 - 80
1137,2002,71,183535,311727.0,65 - 80
1138,2002,72,160182,285186.0,65 - 80
1139,2002,73,159979,298412.0,65 - 80
1140,2002,74,141638,276475.0,65 - 80
1141,2002,75,116753,263130.0,65 - 80
1142,2002,76,98519,244605.0,65 - 80
1143,2002,77,82195,224247.0,65 - 80
1144,2002,78,66164,189235.0,65 - 80
1145,2002,79,52524,163548.0,65 - 80
1148,2003,0,199843,187485.0,0 - 18
1149,2003,1,191369,180303.0,0 - 18
1150,2003,2,196710,185668.0,0 - 18
1151,2003,3,198668,188445.0,0 - 18
1152,2003,4,209971,201078.0,0 - 18
1153,2003,5,219654,209152.0,0 - 18
1154,2003,6,237418,225813.0,0 - 18
1155,2003,7,246624,234581.0,0 - 18
1156,2003,8,256753,243886.0,0 - 18
1157,2003,9,271680,258693.0,0 - 18
1158,2003,10,292877,278477.0,0 - 18
1159,2003,11,314397,298595.0,0 - 18
1160,2003,12,330703,314131.0,0 - 18
1161,2003,13,346266,329752.0,0 - 18
1162,2003,14,368662,351823.0,0 - 18
1163,2003,15,382274,364106.0,0 - 18
1164,2003,16,405055,387397.0,0 - 18
1165,2003,17,393133,377188.0,0 - 18
1166,2003,18,402931,386329.0,18 - 25
1167,2003,19,411002,392925.0,18 - 25
1168,2003,20,376783,357685.0,18 - 25
1169,2003,21,362135,350708.0,18 - 25
1170,2003,22,370022,359067.0,18 - 25
1171,2003,23,350667,340520.0,18 - 25
1172,2003,24,347170,340727.0,18 - 25
1173,2003,25,335314,331647.0,25 - 45
1174,2003,26,352707,349165.0,25 - 45
1175,2003,27,344541,344768.0,25 - 45
1176,2003,28,335554,336870.0,25 - 45
1177,2003,29,326719,328557.0,25 - 45
1178,2003,30,335508,341016.0,25 - 45
1179,2003,31,333130,337100.0,25 - 45
1180,2003,32,330270,335038.0,25 - 45
1181,2003,33,303556,311489.0,25 - 45
1182,2003,34,308873,317835.0,25 - 45
1183,2003,35,304369,316108.0,25 - 45
1184,2003,36,313404,327661.0,25 - 45
1185,2003,37,309606,326993.0,25 - 45
1186,2003,38,323971,343820.0,25 - 45
1187,2003,39,344870,369825.0,25 - 45
1188,2003,40,353497,381391.0,25 - 45
1189,2003,41,366619,395963.0,25 - 45
1190,2003,42,380123,412071.0,25 - 45
1191,2003,43,362087,398323.0,25 - 45
1192,2003,44,359315,397133.0,25 - 45
1193,2003,45,344795,384235.0,45 - 65
1194,2003,46,340918,385168.0,45 - 65
1195,2003,47,318594,363531.0,45 - 65
1196,2003,48,327352,376976.0,45 - 65
1197,2003,49,298487,347402.0,45 - 65
1198,2003,50,311742,365487.0,45 - 65
1199,2003,51,310898,364832.0,45 - 65
1200,2003,52,306216,363888.0,45 - 65
1201,2003,53,316243,382611.0,45 - 65
1202,2003,54,261809,319721.0,45 - 65
1203,2003,55,231387,288099.0,45 - 65
1204,2003,56,219489,281850.0,45 - 65
1205,2003,57,141674,188214.0,45 - 65
1206,2003,58,165331,221583.0,45 - 65
1207,2003,59,147460,200308.0,45 - 65
1208,2003,60,189976,261677.0,45 - 65
1209,2003,61,246700,343151.0,45 - 65
1210,2003,62,252400,356240.0,45 - 65
1211,2003,63,268321,391365.0,45 - 65
1212,2003,64,278182,411225.0,45 - 65
1213,2003,65,288136,422361.0,65 - 80
1214,2003,66,230245,341267.0,65 - 80
1215,2003,67,191984,284033.0,65 - 80
1216,2003,68,142118,212811.0,65 - 80
1217,2003,69,117836,184309.0,65 - 80
1218,2003,70,143380,240252.0,65 - 80
1219,2003,71,147656,245348.0,65 - 80
1220,2003,72,171190,300347.0,65 - 80
1221,2003,73,147860,272509.0,65 - 80
1222,2003,74,147046,285219.0,65 - 80
1223,2003,75,130571,261208.0,65 - 80
1224,2003,76,107181,250343.0,65 - 80
1225,2003,77,89195,229108.0,65 - 80
1226,2003,78,74152,210796.0,65 - 80
1227,2003,79,59428,175824.0,65 - 80
1230,2004,0,208263,197084.0,0 - 18
1231,2004,1,199124,186965.0,0 - 18
1232,2004,2,190979,179999.0,0 - 18
1233,2004,3,196416,185434.0,0 - 18
1234,2004,4,198398,188220.0,0 - 18
1235,2004,5,209706,200882.0,0 - 18
1236,2004,6,219487,208905.0,0 - 18
1237,2004,7,237154,225572.0,0 - 18
1238,2004,8,246357,234412.0,0 - 18
1239,2004,9,256497,243634.0,0 - 18
1240,2004,10,271428,258466.0,0 - 18
1241,2004,11,292600,278266.0,0 - 18
1242,2004,12,314109,298295.0,0 - 18
1243,2004,13,330399,313882.0,0 - 18
1244,2004,14,345912,329456.0,0 - 18
1245,2004,15,368256,351498.0,0 - 18
1246,2004,16,381841,363789.0,0 - 18
1247,2004,17,404562,387068.0,0 - 18
1248,2004,18,392771,376976.0,18 - 25
1249,2004,19,402400,385886.0,18 - 25
1250,2004,20,410330,392490.0,18 - 25
1251,2004,21,375915,357234.0,18 - 25
1252,2004,22,361177,350130.0,18 - 25
1253,2004,23,368816,358352.0,18 - 25
1254,2004,24,349258,339803.0,18 - 25
1255,2004,25,345601,339938.0,25 - 45
1256,2004,26,333790,330936.0,25 - 45
1257,2004,27,350962,348360.0,25 - 45
1258,2004,28,342801,343982.0,25 - 45
1259,2004,29,333851,336003.0,25 - 45
1260,2004,30,324788,327864.0,25 - 45
1261,2004,31,333629,340227.0,25 - 45
1262,2004,32,331285,336367.0,25 - 45
1263,2004,33,328380,334306.0,25 - 45
1264,2004,34,301726,310714.0,25 - 45
1265,2004,35,306763,317028.0,25 - 45
1266,2004,36,302238,315267.0,25 - 45
1267,2004,37,311030,326776.0,25 - 45
1268,2004,38,307179,326123.0,25 - 45
1269,2004,39,321179,342868.0,25 - 45
1270,2004,40,341443,368636.0,25 - 45
1271,2004,41,350055,380227.0,25 - 45
1272,2004,42,362809,394693.0,25 - 45
1273,2004,43,375856,410632.0,25 - 45
1274,2004,44,357745,396841.0,25 - 45
1275,2004,45,354444,395422.0,45 - 65
1276,2004,46,339976,382533.0,45 - 65
1277,2004,47,335886,383480.0,45 - 65
1278,2004,48,313609,361572.0,45 - 65
1279,2004,49,321816,374926.0,45 - 65
1280,2004,50,292653,345168.0,45 - 65
1281,2004,51,305686,363020.0,45 - 65
1282,2004,52,304490,362341.0,45 - 65
1283,2004,53,299477,361069.0,45 - 65
1284,2004,54,309125,379585.0,45 - 65
1285,2004,55,255360,317018.0,45 - 65
1286,2004,56,225431,285329.0,45 - 65
1287,2004,57,213658,278933.0,45 - 65
1288,2004,58,137588,186112.0,45 - 65
1289,2004,59,160252,218937.0,45 - 65
1290,2004,60,142367,197881.0,45 - 65
1291,2004,61,183171,258055.0,45 - 65
1292,2004,62,237561,338412.0,45 - 65
1293,2004,63,242291,350689.0,45 - 65
1294,2004,64,256956,384751.0,45 - 65
1295,2004,65,265819,403429.0,65 - 80
1296,2004,66,274695,413535.0,65 - 80
1297,2004,67,219160,333646.0,65 - 80
1298,2004,68,181880,276796.0,65 - 80
1299,2004,69,134068,206733.0,65 - 80
1300,2004,70,110493,178571.0,65 - 80
1301,2004,71,134229,232299.0,65 - 80
1302,2004,72,137578,236598.0,65 - 80
1303,2004,73,158920,288470.0,65 - 80
1304,2004,74,135958,260090.0,65 - 80
1305,2004,75,134590,270842.0,65 - 80
1306,2004,76,118758,246746.0,65 - 80
1307,2004,77,97061,234761.0,65 - 80
1308,2004,78,80159,213403.0,65 - 80
1309,2004,79,65957,194286.0,65 - 80
1312,2005,0,217975,205946.0,0 - 18
1313,2005,1,207607,196618.0,0 - 18
1314,2005,2,198857,186759.0,0 - 18
1315,2005,3,190804,179860.0,0 - 18
1316,2005,4,196262,185319.0,0 - 18
1317,2005,5,198239,188080.0,0 - 18
1318,2005,6,209547,200738.0,0 - 18
1319,2005,7,219375,208777.0,0 - 18
1320,2005,8,236974,225469.0,0 - 18
1321,2005,9,246208,234310.0,0 - 18
1322,2005,10,256315,243510.0,0 - 18
1323,2005,11,271273,258333.0,0 - 18
1324,2005,12,292444,278185.0,0 - 18
1325,2005,13,313925,298185.0,0 - 18
1326,2005,14,330147,313761.0,0 - 18
1327,2005,15,345705,329292.0,0 - 18
1328,2005,16,367954,351294.0,0 - 18
1329,2005,17,381496,363635.0,0 - 18
1330,2005,18,404256,386930.0,18 - 25
1331,2005,19,392337,376696.0,18 - 25
1332,2005,20,401792,385586.0,18 - 25
1333,2005,21,409460,392087.0,18 - 25
1334,2005,22,375099,356759.0,18 - 25
1335,2005,23,360169,349597.0,18 - 25
1336,2005,24,367674,357844.0,18 - 25
1337,2005,25,347913,339184.0,25 - 45
1338,2005,26,344251,339290.0,25 - 45
1339,2005,27,332263,330255.0,25 - 45
1340,2005,28,349346,347712.0,25 - 45
1341,2005,29,341165,343351.0,25 - 45
1342,2005,30,332062,335314.0,25 - 45
1343,2005,31,323041,327312.0,25 - 45
1344,2005,32,331788,339533.0,25 - 45
1345,2005,33,329398,335752.0,25 - 45
1346,2005,34,326363,333634.0,25 - 45
1347,2005,35,299661,310030.0,25 - 45
1348,2005,36,304509,316245.0,25 - 45
1349,2005,37,299776,314416.0,25 - 45
1350,2005,38,308413,325926.0,25 - 45
1351,2005,39,304679,325274.0,25 - 45
1352,2005,40,317886,341862.0,25 - 45
1353,2005,41,337944,367546.0,25 - 45
1354,2005,42,346170,379005.0,25 - 45
1355,2005,43,358559,393345.0,25 - 45
1356,2005,44,371275,409171.0,25 - 45
1357,2005,45,352737,395211.0,45 - 65
1358,2005,46,349485,393710.0,45 - 65
1359,2005,47,334563,380692.0,45 - 65
1360,2005,48,330412,381668.0,45 - 65
1361,2005,49,308251,359613.0,45 - 65
1362,2005,50,315318,372637.0,45 - 65
1363,2005,51,286771,343030.0,45 - 65
1364,2005,52,299215,360546.0,45 - 65
1365,2005,53,297768,359669.0,45 - 65
1366,2005,54,292549,358264.0,45 - 65
1367,2005,55,301043,376274.0,45 - 65
1368,2005,56,248813,314123.0,45 - 65
1369,2005,57,219155,282509.0,45 - 65
1370,2005,58,207612,275987.0,45 - 65
1371,2005,59,133388,183998.0,45 - 65
1372,2005,60,154611,216084.0,45 - 65
1373,2005,61,137102,195373.0,45 - 65
1374,2005,62,176093,254425.0,45 - 65
1375,2005,63,228281,333273.0,45 - 65
1376,2005,64,232196,344745.0,45 - 65
1377,2005,65,245363,377850.0,65 - 80
1378,2005,66,253539,395363.0,65 - 80
1379,2005,67,261316,404580.0,65 - 80
1380,2005,68,207737,325692.0,65 - 80
1381,2005,69,171747,269299.0,65 - 80
1382,2005,70,125976,200596.0,65 - 80
1383,2005,71,103396,172621.0,65 - 80
1384,2005,72,125133,224009.0,65 - 80
1385,2005,73,127900,227460.0,65 - 80
1386,2005,74,147058,276373.0,65 - 80
1387,2005,75,124350,247399.0,65 - 80
1388,2005,76,122477,256208.0,65 - 80
1389,2005,77,107695,232157.0,65 - 80
1390,2005,78,87355,219293.0,65 - 80
1391,2005,79,71556,197753.0,65 - 80
1394,2006,0,217579,204985.0,0 - 18
1395,2006,1,217384,205498.0,0 - 18
1396,2006,2,207349,196448.0,0 - 18
1397,2006,3,198729,186648.0,0 - 18
1398,2006,4,190661,179803.0,0 - 18
1399,2006,5,196148,185232.0,0 - 18
1400,2006,6,198150,187979.0,0 - 18
1401,2006,7,209467,200656.0,0 - 18
1402,2006,8,219258,208712.0,0 - 18
1403,2006,9,236845,225431.0,0 - 18
1404,2006,10,246116,234228.0,0 - 18
1405,2006,11,256226,243402.0,0 - 18
1406,2006,12,271164,258293.0,0 - 18
1407,2006,13,292269,278099.0,0 - 18
1408,2006,14,313809,298114.0,0 - 18
1409,2006,15,329943,313663.0,0 - 18
1410,2006,16,345527,329183.0,0 - 18
1411,2006,17,367728,351243.0,0 - 18
1412,2006,18,381262,363533.0,18 - 25
1413,2006,19,403894,386773.0,18 - 25
1414,2006,20,391765,376527.0,18 - 25
1415,2006,21,401153,385337.0,18 - 25
1416,2006,22,408616,391697.0,18 - 25
1417,2006,23,374221,356320.0,18 - 25
1418,2006,24,359114,349191.0,18 - 25
1419,2006,25,366454,357336.0,25 - 45
1420,2006,26,346591,338613.0,25 - 45
1421,2006,27,342793,338784.0,25 - 45
1422,2006,28,330769,329753.0,25 - 45
1423,2006,29,347749,347144.0,25 - 45
1424,2006,30,339368,342719.0,25 - 45
1425,2006,31,330267,334687.0,25 - 45
1426,2006,32,321167,326739.0,25 - 45
1427,2006,33,329672,338819.0,25 - 45
1428,2006,34,327443,335139.0,25 - 45
1429,2006,35,324033,332870.0,25 - 45
1430,2006,36,297459,309386.0,25 - 45
1431,2006,37,302153,315475.0,25 - 45
1432,2006,38,297262,313585.0,25 - 45
1433,2006,39,305657,325094.0,25 - 45
1434,2006,40,301459,324332.0,25 - 45
1435,2006,41,314552,340914.0,25 - 45
1436,2006,42,334191,366383.0,25 - 45
1437,2006,43,342054,377686.0,25 - 45
1438,2006,44,354247,392010.0,25 - 45
1439,2006,45,366020,407570.0,45 - 65
1440,2006,46,347682,393572.0,45 - 65
1441,2006,47,344094,391948.0,45 - 65
1442,2006,48,329036,378938.0,45 - 65
1443,2006,49,324642,379768.0,45 - 65
1444,2006,50,301879,357388.0,45 - 65
1445,2006,51,308916,370353.0,45 - 65
1446,2006,52,280428,340847.0,45 - 65
1447,2006,53,292365,358020.0,45 - 65
1448,2006,54,290794,356897.0,45 - 65
1449,2006,55,284976,355307.0,45 - 65
1450,2006,56,292758,372621.0,45 - 65
1451,2006,57,242140,310852.0,45 - 65
1452,2006,58,212871,279493.0,45 - 65
1453,2006,59,201326,272747.0,45 - 65
1454,2006,60,128679,181682.0,45 - 65
1455,2006,61,148499,213074.0,45 - 65
1456,2006,62,131715,192476.0,45 - 65
1457,2006,63,168580,250445.0,45 - 65
1458,2006,64,218641,327803.0,45 - 65
1459,2006,65,221796,338630.0,65 - 80
1460,2006,66,233732,370506.0,65 - 80
1461,2006,67,240636,386906.0,65 - 80
1462,2006,68,247300,394850.0,65 - 80
1463,2006,69,196196,317065.0,65 - 80
1464,2006,70,161314,261213.0,65 - 80
1465,2006,71,117689,193958.0,65 - 80
1466,2006,72,96129,166327.0,65 - 80
1467,2006,73,115989,215034.0,65 - 80
1468,2006,74,118155,217560.0,65 - 80
1469,2006,75,134962,263387.0,65 - 80
1470,2006,76,112926,233931.0,65 - 80
1471,2006,77,110515,240646.0,65 - 80
1472,2006,78,96615,216815.0,65 - 80
1473,2006,79,77771,203101.0,65 - 80
1476,2007,0,234110,222616.0,0 - 18
1477,2007,1,217030,204542.0,0 - 18
1478,2007,2,217220,205370.0,0 - 18
1479,2007,3,207221,196376.0,0 - 18
1480,2007,4,198636,186589.0,0 - 18
1481,2007,5,190580,179729.0,0 - 18
1482,2007,6,196068,185166.0,0 - 18
1483,2007,7,198055,187915.0,0 - 18
1484,2007,8,209398,200626.0,0 - 18
1485,2007,9,219169,208669.0,0 - 18
1486,2007,10,236773,225390.0,0 - 18
1487,2007,11,246055,234191.0,0 - 18
1488,2007,12,256145,243322.0,0 - 18
1489,2007,13,271065,258226.0,0 - 18
1490,2007,14,292143,278044.0,0 - 18
1491,2007,15,313624,298007.0,0 - 18
1492,2007,16,329802,313591.0,0 - 18
1493,2007,17,345389,329214.0,0 - 18
1494,2007,18,367741,351291.0,18 - 25
1495,2007,19,381214,363550.0,18 - 25
1496,2007,20,403751,386684.0,18 - 25
1497,2007,21,391485,376437.0,18 - 25
1498,2007,22,400733,385126.0,18 - 25
1499,2007,23,408015,391441.0,18 - 25
1500,2007,24,373616,356062.0,18 - 25
1501,2007,25,358246,348870.0,25 - 45
1502,2007,26,365483,356968.0,25 - 45
1503,2007,27,345387,338270.0,25 - 45
1504,2007,28,341520,338252.0,25 - 45
1505,2007,29,329366,329289.0,25 - 45
1506,2007,30,346061,346595.0,25 - 45
1507,2007,31,337704,342130.0,25 - 45
1508,2007,32,328560,334133.0,25 - 45
1509,2007,33,319305,326169.0,25 - 45
1510,2007,34,327792,338180.0,25 - 45
1511,2007,35,325333,334424.0,25 - 45
1512,2007,36,321977,332149.0,25 - 45
1513,2007,37,295363,308700.0,25 - 45
1514,2007,38,299974,314721.0,25 - 45
1515,2007,39,294945,312845.0,25 - 45
1516,2007,40,302700,324206.0,25 - 45
1517,2007,41,298696,323491.0,25 - 45
1518,2007,42,311328,339945.0,25 - 45
1519,2007,43,330557,365201.0,25 - 45
1520,2007,44,338227,376472.0,25 - 45
1521,2007,45,349753,390571.0,45 - 65
1522,2007,46,361297,406083.0,45 - 65
1523,2007,47,342790,391833.0,45 - 65
1524,2007,48,338921,390283.0,45 - 65
1525,2007,49,323676,377214.0,45 - 65
1526,2007,50,318639,377867.0,45 - 65
1527,2007,51,296351,355388.0,45 - 65
1528,2007,52,302774,368123.0,45 - 65
1529,2007,53,274555,338724.0,45 - 65
1530,2007,54,285948,355575.0,45 - 65
1531,2007,55,283785,354108.0,45 - 65
1532,2007,56,277998,352197.0,45 - 65
1533,2007,57,285041,369121.0,45 - 65
1534,2007,58,235452,307891.0,45 - 65
1535,2007,59,206696,276530.0,45 - 65
1536,2007,60,194916,269535.0,45 - 65
1537,2007,61,124158,179491.0,45 - 65
1538,2007,62,142889,210081.0,45 - 65
1539,2007,63,126373,189492.0,45 - 65
1540,2007,64,161511,246257.0,45 - 65
1541,2007,65,209545,322285.0,65 - 80
1542,2007,66,211809,332168.0,65 - 80
1543,2007,67,222386,362831.0,65 - 80
1544,2007,68,227967,378046.0,65 - 80
1545,2007,69,233699,384894.0,65 - 80
1546,2007,70,184848,307741.0,65 - 80
1547,2007,71,151097,252742.0,65 - 80
1548,2007,72,109823,186987.0,65 - 80
1549,2007,73,89100,159842.0,65 - 80
1550,2007,74,106914,205671.0,65 - 80
1551,2007,75,108660,207164.0,65 - 80
1552,2007,76,123539,249873.0,65 - 80
1553,2007,77,102039,219781.0,65 - 80
1554,2007,78,99248,224997.0,65 - 80
1555,2007,79,86204,201054.0,65 - 80
1558,2008,0,240718,227641.0,0 - 18
1559,2008,1,233499,222135.0,0 - 18
1560,2008,2,216802,204352.0,0 - 18
1561,2008,3,217094,205280.0,0 - 18
1562,2008,4,207108,196317.0,0 - 18
1563,2008,5,198521,186528.0,0 - 18
1564,2008,6,190505,179651.0,0 - 18
1565,2008,7,195996,185146.0,0 - 18
1566,2008,8,197945,187852.0,0 - 18
1567,2008,9,209301,200550.0,0 - 18
1568,2008,10,219053,208594.0,0 - 18
1569,2008,11,236681,225359.0,0 - 18
1570,2008,12,245976,234117.0,0 - 18
1571,2008,13,256050,243268.0,0 - 18
1572,2008,14,270895,258157.0,0 - 18
1573,2008,15,291958,277914.0,0 - 18
1574,2008,16,313459,297925.0,0 - 18
1575,2008,17,329736,313604.0,0 - 18
1576,2008,18,345507,329277.0,18 - 25
1577,2008,19,367885,351268.0,18 - 25
1578,2008,20,380988,363454.0,18 - 25
1579,2008,21,403371,386493.0,18 - 25
1580,2008,22,390903,376227.0,18 - 25
1581,2008,23,400080,384838.0,18 - 25
1582,2008,24,407146,391037.0,18 - 25
1583,2008,25,372624,355672.0,25 - 45
1584,2008,26,357352,348506.0,25 - 45
1585,2008,27,364315,356487.0,25 - 45
1586,2008,28,343986,337794.0,25 - 45
1587,2008,29,340018,337708.0,25 - 45
1588,2008,30,327655,328740.0,25 - 45
1589,2008,31,344455,345935.0,25 - 45
1590,2008,32,335710,341417.0,25 - 45
1591,2008,33,326519,333520.0,25 - 45
1592,2008,34,317336,325521.0,25 - 45
1593,2008,35,325596,337412.0,25 - 45
1594,2008,36,323144,333726.0,25 - 45
1595,2008,37,319619,331439.0,25 - 45
1596,2008,38,293124,307906.0,25 - 45
1597,2008,39,297518,313867.0,25 - 45
1598,2008,40,291936,311804.0,25 - 45
1599,2008,41,299775,323255.0,25 - 45
1600,2008,42,295551,322493.0,25 - 45
1601,2008,43,307791,338810.0,25 - 45
1602,2008,44,326641,363933.0,25 - 45
1603,2008,45,333617,375043.0,45 - 65
1604,2008,46,345185,388976.0,45 - 65
1605,2008,47,356070,404396.0,45 - 65
1606,2008,48,337389,390025.0,45 - 65
1607,2008,49,333317,388350.0,45 - 65
1608,2008,50,317325,375178.0,45 - 65
1609,2008,51,312950,375731.0,45 - 65
1610,2008,52,290304,353271.0,45 - 65
1611,2008,53,296220,365634.0,45 - 65
1612,2008,54,268410,336376.0,45 - 65
1613,2008,55,278847,352868.0,45 - 65
1614,2008,56,276668,351064.0,45 - 65
1615,2008,57,270678,349062.0,45 - 65
1616,2008,58,276988,365390.0,45 - 65
1617,2008,59,228713,304709.0,45 - 65
1618,2008,60,199967,273349.0,45 - 65
1619,2008,61,187878,266310.0,45 - 65
1620,2008,62,119641,177100.0,45 - 65
1621,2008,63,137220,206975.0,45 - 65
1622,2008,64,121227,186413.0,45 - 65
1623,2008,65,154184,242026.0,65 - 80
1624,2008,66,200208,316504.0,65 - 80
1625,2008,67,201726,325441.0,65 - 80
1626,2008,68,210942,354691.0,65 - 80
1627,2008,69,215475,368695.0,65 - 80
1628,2008,70,220081,374279.0,65 - 80
1629,2008,71,173528,298133.0,65 - 80
1630,2008,72,141138,243880.0,65 - 80
1631,2008,73,101995,179778.0,65 - 80
1632,2008,74,82329,152942.0,65 - 80
1633,2008,75,98372,196131.0,65 - 80
1634,2008,76,99498,196463.0,65 - 80
1635,2008,77,112306,235830.0,65 - 80
1636,2008,78,91398,205309.0,65 - 80
1637,2008,79,88373,209026.0,65 - 80
1640,2009,0,261138,245204.0,0 - 18
1641,2009,1,240239,227251.0,0 - 18
1642,2009,2,233320,222023.0,0 - 18
1643,2009,3,216723,204291.0,0 - 18
1644,2009,4,217048,205238.0,0 - 18
1645,2009,5,207060,196298.0,0 - 18
1646,2009,6,198498,186482.0,0 - 18
1647,2009,7,190483,179616.0,0 - 18
1648,2009,8,195951,185102.0,0 - 18
1649,2009,9,197910,187829.0,0 - 18
1650,2009,10,209246,200512.0,0 - 18
1651,2009,11,219022,208561.0,0 - 18
1652,2009,12,236647,225326.0,0 - 18
1653,2009,13,245907,234075.0,0 - 18
1654,2009,14,255970,243218.0,0 - 18
1655,2009,15,270771,258063.0,0 - 18
1656,2009,16,291869,277922.0,0 - 18
1657,2009,17,313484,297980.0,0 - 18
1658,2009,18,329868,313700.0,18 - 25
1659,2009,19,345414,329343.0,18 - 25
1660,2009,20,367696,351174.0,18 - 25
1661,2009,21,380421,363306.0,18 - 25
1662,2009,22,402748,386261.0,18 - 25
1663,2009,23,390167,376002.0,18 - 25
1664,2009,24,399171,384548.0,18 - 25
1665,2009,25,406087,390658.0,25 - 45
1666,2009,26,371541,355315.0,25 - 45
1667,2009,27,356152,348083.0,25 - 45
1668,2009,28,362965,355992.0,25 - 45
1669,2009,29,342512,337282.0,25 - 45
1670,2009,30,338302,337118.0,25 - 45
1671,2009,31,325941,328136.0,25 - 45
1672,2009,32,342498,345266.0,25 - 45
1673,2009,33,333578,340636.0,25 - 45
1674,2009,34,324286,332859.0,25 - 45
1675,2009,35,315007,324760.0,25 - 45
1676,2009,36,323346,336640.0,25 - 45
1677,2009,37,320724,332936.0,25 - 45
1678,2009,38,317153,330585.0,25 - 45
1679,2009,39,290627,307045.0,25 - 45
1680,2009,40,294604,312946.0,25 - 45
1681,2009,41,289015,310894.0,25 - 45
1682,2009,42,296643,322177.0,25 - 45
1683,2009,43,292093,321400.0,25 - 45
1684,2009,44,304116,337616.0,25 - 45
1685,2009,45,322371,362581.0,45 - 65
1686,2009,46,329125,373547.0,45 - 65
1687,2009,47,340224,387342.0,45 - 65
1688,2009,48,350740,402611.0,45 - 65
1689,2009,49,332035,388134.0,45 - 65
1690,2009,50,327168,386283.0,45 - 65
1691,2009,51,311300,373106.0,45 - 65
1692,2009,52,306670,373482.0,45 - 65
1693,2009,53,284117,351171.0,45 - 65
1694,2009,54,289551,363198.0,45 - 65
1695,2009,55,261999,333894.0,45 - 65
1696,2009,56,271971,349936.0,45 - 65
1697,2009,57,269374,347896.0,45 - 65
1698,2009,58,263244,345825.0,45 - 65
1699,2009,59,268949,361528.0,45 - 65
1700,2009,60,221494,301340.0,45 - 65
1701,2009,61,193067,270040.0,45 - 65
1702,2009,62,181158,262922.0,45 - 65
1703,2009,63,115098,174553.0,45 - 65
1704,2009,64,131549,203760.0,45 - 65
1705,2009,65,115970,183235.0,65 - 80
1706,2009,66,147123,237608.0,65 - 80
1707,2009,67,191006,310484.0,65 - 80
1708,2009,68,191873,318547.0,65 - 80
1709,2009,69,199673,346068.0,65 - 80
1710,2009,70,203162,358742.0,65 - 80
1711,2009,71,206413,362929.0,65 - 80
1712,2009,72,162323,288143.0,65 - 80
1713,2009,73,131170,234640.0,65 - 80
1714,2009,74,94503,172021.0,65 - 80
1715,2009,75,75706,145828.0,65 - 80
1716,2009,76,90008,186308.0,65 - 80
1717,2009,77,90484,185271.0,65 - 80
1718,2009,78,101542,221483.0,65 - 80
1719,2009,79,81584,190449.0,65 - 80
1722,2010,0,262597,245947.0,0 - 18
1723,2010,1,260723,244938.0,0 - 18
1724,2010,2,240097,227149.0,0 - 18
1725,2010,3,233259,221974.0,0 - 18
1726,2010,4,216676,204230.0,0 - 18
1727,2010,5,217009,205209.0,0 - 18
1728,2010,6,207010,196298.0,0 - 18
1729,2010,7,198442,186465.0,0 - 18
1730,2010,8,190440,179582.0,0 - 18
1731,2010,9,195910,185094.0,0 - 18
1732,2010,10,197860,187794.0,0 - 18
1733,2010,11,209214,200479.0,0 - 18
1734,2010,12,218977,208490.0,0 - 18
1735,2010,13,236588,225284.0,0 - 18
1736,2010,14,245807,234018.0,0 - 18
1737,2010,15,255861,243168.0,0 - 18
1738,2010,16,270710,258045.0,0 - 18
1739,2010,17,291807,277975.0,0 - 18
1740,2010,18,313419,297996.0,18 - 25
1741,2010,19,329649,313673.0,18 - 25
1742,2010,20,345022,329277.0,18 - 25
1743,2010,21,367163,351038.0,18 - 25
1744,2010,22,379818,363145.0,18 - 25
1745,2010,23,402037,386098.0,18 - 25
1746,2010,24,389456,375761.0,18 - 25
1747,2010,25,398324,384282.0,25 - 45
1748,2010,26,405079,390373.0,25 - 45
1749,2010,27,370536,355010.0,25 - 45
1750,2010,28,355053,347710.0,25 - 45
1751,2010,29,361814,355547.0,25 - 45
1752,2010,30,341131,336756.0,25 - 45
1753,2010,31,336872,336573.0,25 - 45
1754,2010,32,324375,327550.0,25 - 45
1755,2010,33,340843,344686.0,25 - 45
1756,2010,34,331881,340039.0,25 - 45
1757,2010,35,322411,332233.0,25 - 45
1758,2010,36,313290,324095.0,25 - 45
1759,2010,37,321350,335965.0,25 - 45
1760,2010,38,318746,332217.0,25 - 45
1761,2010,39,315135,329898.0,25 - 45
1762,2010,40,288582,306336.0,25 - 45
1763,2010,41,292320,312085.0,25 - 45
1764,2010,42,286721,309991.0,25 - 45
1765,2010,43,294074,321304.0,25 - 45
1766,2010,44,289401,320454.0,25 - 45
1767,2010,45,300964,336463.0,45 - 65
1768,2010,46,319019,361302.0,45 - 65
1769,2010,47,325506,372183.0,45 - 65
1770,2010,48,336143,385909.0,45 - 65
1771,2010,49,346272,401020.0,45 - 65
1772,2010,50,327278,386313.0,45 - 65
1773,2010,51,322286,384399.0,45 - 65
1774,2010,52,306220,371174.0,45 - 65
1775,2010,53,301349,371348.0,45 - 65
1776,2010,54,278978,349145.0,45 - 65
1777,2010,55,283576,360845.0,45 - 65
1778,2010,56,256419,331385.0,45 - 65
1779,2010,57,265684,347184.0,45 - 65
1780,2010,58,262783,345012.0,45 - 65
1781,2010,59,256666,342610.0,45 - 65
1782,2010,60,261177,357751.0,45 - 65
1783,2010,61,214581,298035.0,45 - 65
1784,2010,62,186702,266854.0,45 - 65
1785,2010,63,174830,259514.0,45 - 65
1786,2010,64,111001,172130.0,45 - 65
1787,2010,65,126064,200403.0,65 - 80
1788,2010,66,110976,180019.0,65 - 80
1789,2010,67,140355,233091.0,65 - 80
1790,2010,68,182156,304231.0,65 - 80
1791,2010,69,182465,311326.0,65 - 80
1792,2010,70,188631,337232.0,65 - 80
1793,2010,71,191133,348467.0,65 - 80
1794,2010,72,193344,351191.0,65 - 80
1795,2010,73,151783,277696.0,65 - 80
1796,2010,74,121778,224844.0,65 - 80
1797,2010,75,87196,164368.0,65 - 80
1798,2010,76,69439,138549.0,65 - 80
1799,2010,77,81976,175975.0,65 - 80
1800,2010,78,81965,173906.0,65 - 80
1801,2010,79,91499,206655.0,65 - 80
1804,2011,0,254668,239343.0,0 - 18
1805,2011,1,262195,245647.0,0 - 18
1806,2011,2,260595,244842.0,0 - 18
1807,2011,3,240019,227100.0,0 - 18
1808,2011,4,233199,221955.0,0 - 18
1809,2011,5,216641,204213.0,0 - 18
1810,2011,6,216979,205208.0,0 - 18
1811,2011,7,206982,196296.0,0 - 18
1812,2011,8,198415,186452.0,0 - 18
1813,2011,9,190383,179567.0,0 - 18
1814,2011,10,195892,185085.0,0 - 18
1815,2011,11,197828,187763.0,0 - 18
1816,2011,12,209164,200467.0,0 - 18
1817,2011,13,218915,208432.0,0 - 18
1818,2011,14,236498,225247.0,0 - 18
1819,2011,15,245711,233968.0,0 - 18
1820,2011,16,255780,243148.0,0 - 18
1821,2011,17,270626,258058.0,0 - 18
1822,2011,18,291664,277955.0,18 - 25
1823,2011,19,313210,297972.0,18 - 25
1824,2011,20,329341,313643.0,18 - 25
1825,2011,21,344621,329250.0,18 - 25
1826,2011,22,366732,350988.0,18 - 25
1827,2011,23,379253,363074.0,18 - 25
1828,2011,24,401441,386012.0,18 - 25
1829,2011,25,388785,375664.0,25 - 45
1830,2011,26,397609,384146.0,25 - 45
1831,2011,27,404234,390130.0,25 - 45
1832,2011,28,369661,354709.0,25 - 45
1833,2011,29,354050,347384.0,25 - 45
1834,2011,30,360678,355143.0,25 - 45
1835,2011,31,339924,336321.0,25 - 45
1836,2011,32,335484,336065.0,25 - 45
1837,2011,33,322960,327014.0,25 - 45
1838,2011,34,339356,344168.0,25 - 45
1839,2011,35,330174,339520.0,25 - 45
1840,2011,36,320781,331626.0,25 - 45
1841,2011,37,311594,323518.0,25 - 45
1842,2011,38,319614,335292.0,25 - 45
1843,2011,39,316976,331526.0,25 - 45
1844,2011,40,313151,329210.0,25 - 45
1845,2011,41,286624,305616.0,25 - 45
1846,2011,42,290187,311271.0,25 - 45
1847,2011,43,284495,309115.0,25 - 45
1848,2011,44,291731,320455.0,25 - 45
1849,2011,45,286909,319585.0,45 - 65
1850,2011,46,298227,335492.0,45 - 65
1851,2011,47,315767,360104.0,45 - 65
1852,2011,48,322001,370919.0,45 - 65
1853,2011,49,332365,384486.0,45 - 65
1854,2011,50,341983,399414.0,45 - 65
1855,2011,51,322834,384708.0,45 - 65
1856,2011,52,317603,382639.0,45 - 65
1857,2011,53,301444,369229.0,45 - 65
1858,2011,54,296376,369351.0,45 - 65
1859,2011,55,273876,347101.0,45 - 65
1860,2011,56,278064,358427.0,45 - 65
1861,2011,57,250908,329004.0,45 - 65
1862,2011,58,259681,344428.0,45 - 65
1863,2011,59,256392,342033.0,45 - 65
1864,2011,60,249808,339321.0,45 - 65
1865,2011,61,253212,353956.0,45 - 65
1866,2011,62,207853,294567.0,45 - 65
1867,2011,63,180419,263423.0,45 - 65
1868,2011,64,168706,255945.0,45 - 65
1869,2011,65,106803,169553.0,65 - 80
1870,2011,66,120719,196809.0,65 - 80
1871,2011,67,106079,176524.0,65 - 80
1872,2011,68,133802,228164.0,65 - 80
1873,2011,69,173145,297587.0,65 - 80
1874,2011,70,172819,303477.0,65 - 80
1875,2011,71,177589,327569.0,65 - 80
1876,2011,72,179247,337296.0,65 - 80
1877,2011,73,180352,338607.0,65 - 80
1878,2011,74,140884,266577.0,65 - 80
1879,2011,75,112191,214425.0,65 - 80
1880,2011,76,79816,156042.0,65 - 80
1881,2011,77,63313,130785.0,65 - 80
1882,2011,78,74144,164903.0,65 - 80
1883,2011,79,73477,162156.0,65 - 80
1886,2012,0,257319,241656.0,0 - 18
1887,2012,1,254290,239066.0,0 - 18
1888,2012,2,262074,245582.0,0 - 18
1889,2012,3,260546,244779.0,0 - 18
1890,2012,4,239939,227066.0,0 - 18
1891,2012,5,233149,221946.0,0 - 18
1892,2012,6,216621,204201.0,0 - 18
1893,2012,7,216936,205168.0,0 - 18
1894,2012,8,206936,196289.0,0 - 18
1895,2012,9,198393,186452.0,0 - 18
1896,2012,10,190334,179530.0,0 - 18
1897,2012,11,195858,185080.0,0 - 18
1898,2012,12,197795,187741.0,0 - 18
1899,2012,13,209116,200455.0,0 - 18
1900,2012,14,218826,208388.0,0 - 18
1901,2012,15,236412,225189.0,0 - 18
1902,2012,16,245609,234009.0,0 - 18
1903,2012,17,255703,243185.0,0 - 18
1904,2012,18,270496,258075.0,18 - 25
1905,2012,19,291498,277969.0,18 - 25
1906,2012,20,312967,297944.0,18 - 25
1907,2012,21,329008,313646.0,18 - 25
1908,2012,22,344178,329231.0,18 - 25
1909,2012,23,366202,350939.0,18 - 25
1910,2012,24,378657,363051.0,18 - 25
1911,2012,25,400760,385941.0,25 - 45
1912,2012,26,388094,375600.0,25 - 45
1913,2012,27,396835,383957.0,25 - 45
1914,2012,28,403379,389940.0,25 - 45
1915,2012,29,368762,354493.0,25 - 45
1916,2012,30,353100,347076.0,25 - 45
1917,2012,31,359661,354788.0,25 - 45
1918,2012,32,338721,335876.0,25 - 45
1919,2012,33,334152,335636.0,25 - 45
1920,2012,34,321616,326577.0,25 - 45
1921,2012,35,337814,343611.0,25 - 45
1922,2012,36,328526,338982.0,25 - 45
1923,2012,37,319069,331018.0,25 - 45
1924,2012,38,309961,322898.0,25 - 45
1925,2012,39,317870,334662.0,25 - 45
1926,2012,40,315131,330855.0,25 - 45
1927,2012,41,311217,328456.0,25 - 45
1928,2012,42,284671,304963.0,25 - 45
1929,2012,43,288184,310541.0,25 - 45
1930,2012,44,282238,308307.0,25 - 45
1931,2012,45,289325,319650.0,45 - 65
1932,2012,46,284526,318665.0,45 - 65
1933,2012,47,295373,334480.0,45 - 65
1934,2012,48,312563,358933.0,45 - 65
1935,2012,49,318620,369642.0,45 - 65
1936,2012,50,328499,383002.0,45 - 65
1937,2012,51,337729,397779.0,45 - 65
1938,2012,52,318278,382989.0,45 - 65
1939,2012,53,312857,380826.0,45 - 65
1940,2012,54,296711,367328.0,45 - 65
1941,2012,55,291393,367402.0,45 - 65
1942,2012,56,268657,345056.0,45 - 65
1943,2012,57,272406,355974.0,45 - 65
1944,2012,58,245472,326464.0,45 - 65
1945,2012,59,253626,341683.0,45 - 65
1946,2012,60,249987,338987.0,45 - 65
1947,2012,61,242894,336014.0,45 - 65
1948,2012,62,245521,349845.0,45 - 65
1949,2012,63,201110,290886.0,45 - 65
1950,2012,64,174256,259997.0,45 - 65
1951,2012,65,162669,252157.0,65 - 80
1952,2012,66,102762,166960.0,65 - 80
1953,2012,67,115528,193284.0,65 - 80
1954,2012,68,101286,173014.0,65 - 80
1955,2012,69,127251,223259.0,65 - 80
1956,2012,70,164535,290769.0,65 - 80
1957,2012,71,163483,295455.0,65 - 80
1958,2012,72,166737,317885.0,65 - 80
1959,2012,73,167711,326236.0,65 - 80
1960,2012,74,167861,325966.0,65 - 80
1961,2012,75,130738,255213.0,65 - 80
1962,2012,76,103312,204152.0,65 - 80
1963,2012,77,72882,147673.0,65 - 80
1964,2012,78,57494,123047.0,65 - 80
1965,2012,79,66933,153951.0,65 - 80
1968,2013,0,266820,250481.0,0 - 18
1969,2013,1,256967,241404.0,0 - 18
1970,2013,2,254237,239007.0,0 - 18
1971,2013,3,262034,245566.0,0 - 18
1972,2013,4,260473,244798.0,0 - 18
1973,2013,5,239901,227055.0,0 - 18
1974,2013,6,233152,221913.0,0 - 18
1975,2013,7,216603,204225.0,0 - 18
1976,2013,8,216915,205192.0,0 - 18
1977,2013,9,206934,196268.0,0 - 18
1978,2013,10,198396,186444.0,0 - 18
1979,2013,11,190341,179524.0,0 - 18
1980,2013,12,195851,185083.0,0 - 18
1981,2013,13,197747,187721.0,0 - 18
1982,2013,14,209108,200438.0,0 - 18
1983,2013,15,218770,208355.0,0 - 18
1984,2013,16,236427,225219.0,0 - 18
1985,2013,17,246690,234332.0,0 - 18
1986,2013,18,258319,244076.0,18 - 25
1987,2013,19,273728,259220.0,18 - 25
1988,2013,20,294729,279194.0,18 - 25
1989,2013,21,315818,299083.0,18 - 25
1990,2013,22,331707,314764.0,18 - 25
1991,2013,23,346660,330232.0,18 - 25
1992,2013,24,368187,351783.0,18 - 25
1993,2013,25,379888,363524.0,25 - 45
1994,2013,26,401430,386262.0,25 - 45
1995,2013,27,388434,375765.0,25 - 45
1996,2013,28,396799,383941.0,25 - 45
1997,2013,29,403121,389828.0,25 - 45
1998,2013,30,368335,354370.0,25 - 45
1999,2013,31,352408,346882.0,25 - 45
2000,2013,32,358804,354497.0,25 - 45
2001,2013,33,337551,335543.0,25 - 45
2002,2013,34,332918,335290.0,25 - 45
2003,2013,35,320239,326133.0,25 - 45
2004,2013,36,336490,343172.0,25 - 45
2005,2013,37,326979,338471.0,25 - 45
2006,2013,38,317427,330461.0,25 - 45
2007,2013,39,308373,322356.0,25 - 45
2008,2013,40,316163,334019.0,25 - 45
2009,2013,41,313265,330200.0,25 - 45
2010,2013,42,309358,327734.0,25 - 45
2011,2013,43,282691,304269.0,25 - 45
2012,2013,44,286112,309733.0,25 - 45
2013,2013,45,279935,307459.0,45 - 65
2014,2013,46,286933,318761.0,45 - 65
2015,2013,47,282031,317800.0,45 - 65
2016,2013,48,292455,333441.0,45 - 65
2017,2013,49,309205,357747.0,45 - 65
2018,2013,50,314830,368347.0,45 - 65
2019,2013,51,324488,381487.0,45 - 65
2020,2013,52,333299,396061.0,45 - 65
2021,2013,53,313693,381217.0,45 - 65
2022,2013,54,308008,378939.0,45 - 65
2023,2013,55,291432,365271.0,45 - 65
2024,2013,56,286074,365189.0,45 - 65
2025,2013,57,263232,342681.0,45 - 65
2026,2013,58,266584,353371.0,45 - 65
2027,2013,59,239708,323827.0,45 - 65
2028,2013,60,246942,338670.0,45 - 65
2029,2013,61,242998,335628.0,45 - 65
2030,2013,62,235748,332377.0,45 - 65
2031,2013,63,237454,345616.0,45 - 65
2032,2013,64,194243,287067.0,45 - 65
2033,2013,65,167930,256176.0,65 - 80
2034,2013,66,156344,248269.0,65 - 80
2035,2013,67,98619,164270.0,65 - 80
2036,2013,68,110139,189500.0,65 - 80
2037,2013,69,96350,169271.0,65 - 80
2038,2013,70,120662,217977.0,65 - 80
2039,2013,71,155644,283565.0,65 - 80
2040,2013,72,154157,287070.0,65 - 80
2041,2013,73,156121,307428.0,65 - 80
2042,2013,74,156133,314494.0,65 - 80
2043,2013,75,155497,312567.0,65 - 80
2044,2013,76,120691,243573.0,65 - 80
2045,2013,77,94595,193575.0,65 - 80
2046,2013,78,66382,139130.0,65 - 80
2047,2013,79,52039,114835.0,65 - 80
2050,2014,0,257889,242595.0,0 - 18
2051,2014,1,266548,250262.0,0 - 18
2052,2014,2,256882,241358.0,0 - 18
2053,2014,3,254179,239007.0,0 - 18
2054,2014,4,262046,245549.0,0 - 18
2055,2014,5,260462,244798.0,0 - 18
2056,2014,6,239891,227076.0,0 - 18
2057,2014,7,233152,221908.0,0 - 18
2058,2014,8,216593,204219.0,0 - 18
2059,2014,9,216904,205203.0,0 - 18
2060,2014,10,206907,196256.0,0 - 18
2061,2014,11,198396,186433.0,0 - 18
2062,2014,12,190331,179533.0,0 - 18
2063,2014,13,195817,185068.0,0 - 18
2064,2014,14,197721,187706.0,0 - 18
2065,2014,15,209022,200377.0,0 - 18
2066,2014,16,218749,208363.0,0 - 18
2067,2014,17,237163,225503.0,0 - 18
2068,2014,18,248512,234992.0,18 - 25
2069,2014,19,260300,244829.0,18 - 25
2070,2014,20,275158,259828.0,18 - 25
2071,2014,21,295535,279555.0,18 - 25
2072,2014,22,316052,299294.0,18 - 25
2073,2014,23,331823,314809.0,18 - 25
2074,2014,24,346383,330201.0,18 - 25
2075,2014,25,367417,351690.0,25 - 45
2076,2014,26,379178,363496.0,25 - 45
2077,2014,27,400805,386173.0,25 - 45
2078,2014,28,387768,375639.0,25 - 45
2079,2014,29,396090,383828.0,25 - 45
2080,2014,30,402193,389522.0,25 - 45
2081,2014,31,367334,354149.0,25 - 45
2082,2014,32,351448,346607.0,25 - 45
2083,2014,33,357498,354131.0,25 - 45
2084,2014,34,336227,335077.0,25 - 45
2085,2014,35,331379,334836.0,25 - 45
2086,2014,36,318698,325671.0,25 - 45
2087,2014,37,334800,342586.0,25 - 45
2088,2014,38,325320,337837.0,25 - 45
2089,2014,39,315641,329838.0,25 - 45
2090,2014,40,306580,321720.0,25 - 45
2091,2014,41,314187,333319.0,25 - 45
2092,2014,42,311296,329483.0,25 - 45
2093,2014,43,307257,326882.0,25 - 45
2094,2014,44,280695,303490.0,25 - 45
2095,2014,45,283837,308843.0,45 - 65
2096,2014,46,277439,306551.0,45 - 65
2097,2014,47,284282,317791.0,45 - 65
2098,2014,48,279313,316724.0,45 - 65
2099,2014,49,289351,332293.0,45 - 65
2100,2014,50,305482,356388.0,45 - 65
2101,2014,51,310828,366938.0,45 - 65
2102,2014,52,320129,379838.0,45 - 65
2103,2014,53,328553,394277.0,45 - 65
2104,2014,54,308694,379285.0,45 - 65
2105,2014,55,302632,376887.0,45 - 65
2106,2014,56,285917,363106.0,45 - 65
2107,2014,57,280605,362732.0,45 - 65
2108,2014,58,257708,340178.0,45 - 65
2109,2014,59,260524,350555.0,45 - 65
2110,2014,60,233650,320914.0,45 - 65
2111,2014,61,239926,335402.0,45 - 65
2112,2014,62,235560,331975.0,45 - 65
2113,2014,63,228245,328518.0,45 - 65
2114,2014,64,229076,341195.0,45 - 65
2115,2014,65,187222,282891.0,65 - 80
2116,2014,66,161457,252173.0,65 - 80
2117,2014,67,149948,244150.0,65 - 80
2118,2014,68,94415,161332.0,65 - 80
2119,2014,69,104710,185444.0,65 - 80
2120,2014,70,91375,165214.0,65 - 80
2121,2014,71,113936,212300.0,65 - 80
2122,2014,72,146984,275697.0,65 - 80
2123,2014,73,145047,278018.0,65 - 80
2124,2014,74,145579,296706.0,65 - 80
2125,2014,75,144735,301924.0,65 - 80
2126,2014,76,143457,298210.0,65 - 80
2127,2014,77,110720,231267.0,65 - 80
2128,2014,78,86018,182262.0,65 - 80
2129,2014,79,60132,130269.0,65 - 80
2132,2015,0,238366,224682.0,0 - 18
2133,2015,1,242999,228668.0,0 - 18
2134,2015,2,251352,236137.0,0 - 18
2135,2015,3,242605,228069.0,0 - 18
2136,2015,4,239837,225929.0,0 - 18
2137,2015,5,247710,232129.0,0 - 18
2138,2015,6,246323,231388.0,0 - 18
2139,2015,7,226701,214581.0,0 - 18
2140,2015,8,221015,210073.0,0 - 18
2141,2015,9,205474,193518.0,0 - 18
2142,2015,10,205524,194633.0,0 - 18
2143,2015,11,196157,186007.0,0 - 18
2144,2015,12,188441,177059.0,0 - 18
2145,2015,13,180987,170667.0,0 - 18
2146,2015,14,186143,175997.0,0 - 18
2147,2015,15,188196,178592.0,0 - 18
2148,2015,16,199463,191164.0,0 - 18
2149,2015,17,209068,199050.0,0 - 18
2150,2015,18,227882,215982.0,18 - 25
2151,2015,19,238964,225235.0,18 - 25
2152,2015,20,249362,234105.0,18 - 25
2153,2015,21,262876,248278.0,18 - 25
2154,2015,22,281665,266478.0,18 - 25
2155,2015,23,300231,284466.0,18 - 25
2156,2015,24,314504,298698.0,18 - 25
2157,2015,25,327580,312777.0,25 - 45
2158,2015,26,346992,332720.0,25 - 45
2159,2015,27,357886,343352.0,25 - 45
2160,2015,28,378677,365578.0,25 - 45
2161,2015,29,366153,355449.0,25 - 45
2162,2015,30,374537,363599.0,25 - 45
2163,2015,31,378603,368818.0,25 - 45
2164,2015,32,344736,335172.0,25 - 45
2165,2015,33,330345,328029.0,25 - 45
2166,2015,34,337366,335358.0,25 - 45
2167,2015,35,317412,317232.0,25 - 45
2168,2015,36,312900,317055.0,25 - 45
2169,2015,37,300708,308054.0,25 - 45
2170,2015,38,316340,324670.0,25 - 45
2171,2015,39,307408,320373.0,25 - 45
2172,2015,40,298099,312670.0,25 - 45
2173,2015,41,289983,305121.0,25 - 45
2174,2015,42,297047,315906.0,25 - 45
2175,2015,43,294493,312569.0,25 - 45
2176,2015,44,290932,310086.0,25 - 45
2177,2015,45,264845,287265.0,45 - 65
2178,2015,46,267703,292313.0,45 - 65
2179,2015,47,261554,290109.0,45 - 65
2180,2015,48,267525,299869.0,45 - 65
2181,2015,49,261977,298712.0,45 - 65
2182,2015,50,271209,313464.0,45 - 65
2183,2015,51,286262,336222.0,45 - 65
2184,2015,52,290106,345283.0,45 - 65
2185,2015,53,299243,357839.0,45 - 65
2186,2015,54,307062,371535.0,45 - 65
2187,2015,55,287949,356664.0,45 - 65
2188,2015,56,281892,354673.0,45 - 65
2189,2015,57,265436,340788.0,45 - 65
2190,2015,58,259745,339892.0,45 - 65
2191,2015,59,237953,317927.0,45 - 65
2192,2015,60,240081,327319.0,45 - 65
2193,2015,61,214295,299309.0,45 - 65
2194,2015,62,219481,312970.0,45 - 65
2195,2015,63,215888,309863.0,45 - 65
2196,2015,64,209135,306309.0,45 - 65
2197,2015,65,209290,317617.0,65 - 80
2198,2015,66,170980,263530.0,65 - 80
2199,2015,67,146247,233511.0,65 - 80
2200,2015,68,135885,226442.0,65 - 80
2201,2015,69,85535,149626.0,65 - 80
2202,2015,70,94676,172654.0,65 - 80
2203,2015,71,82262,153710.0,65 - 80
2204,2015,72,101567,195742.0,65 - 80
2205,2015,73,130891,253546.0,65 - 80
2206,2015,74,128685,254217.0,65 - 80
2207,2015,75,127910,269803.0,65 - 80
2208,2015,76,126603,273656.0,65 - 80
2209,2015,77,124495,268390.0,65 - 80
2210,2015,78,96104,207491.0,65 - 80
2211,2015,79,73793,162301.0,65 - 80
2214,2016,0,211339,197833.0,0 - 18
2215,2016,1,238053,224436.0,0 - 18
2216,2016,2,242884,228566.0,0 - 18
2217,2016,3,251286,236070.0,0 - 18
2218,2016,4,242525,228012.0,0 - 18
2219,2016,5,239790,225895.0,0 - 18
2220,2016,6,247658,232081.0,0 - 18
2221,2016,7,246292,231359.0,0 - 18
2222,2016,8,226677,214535.0,0 - 18
2223,2016,9,220970,210041.0,0 - 18
2224,2016,10,205415,193481.0,0 - 18
2225,2016,11,205494,194605.0,0 - 18
2226,2016,12,196088,185961.0,0 - 18
2227,2016,13,188378,177020.0,0 - 18
2228,2016,14,180933,170616.0,0 - 18
2229,2016,15,186068,175950.0,0 - 18
2230,2016,16,188132,178596.0,0 - 18
2231,2016,17,199667,191300.0,0 - 18
2232,2016,18,209887,199416.0,18 - 25
2233,2016,19,228717,216345.0,18 - 25
2234,2016,20,239365,225479.0,18 - 25
2235,2016,21,249004,234132.0,18 - 25
2236,2016,22,262351,248210.0,18 - 25
2237,2016,23,281119,266380.0,18 - 25
2238,2016,24,299627,284254.0,18 - 25
2239,2016,25,313751,298618.0,25 - 45
2240,2016,26,326933,312701.0,25 - 45
2241,2016,27,346300,332604.0,25 - 45
2242,2016,28,357229,343228.0,25 - 45
2243,2016,29,377924,365398.0,25 - 45
2244,2016,30,365389,355317.0,25 - 45
2245,2016,31,373599,363325.0,25 - 45
2246,2016,32,377596,368473.0,25 - 45
2247,2016,33,343652,334841.0,25 - 45
2248,2016,34,329211,327713.0,25 - 45
2249,2016,35,336112,334930.0,25 - 45
2250,2016,36,316073,316770.0,25 - 45
2251,2016,37,311492,316567.0,25 - 45
2252,2016,38,299213,307561.0,25 - 45
2253,2016,39,314648,324098.0,25 - 45
2254,2016,40,305622,319800.0,25 - 45
2255,2016,41,296250,312008.0,25 - 45
2256,2016,42,288153,304467.0,25 - 45
2257,2016,43,295105,315155.0,25 - 45
2258,2016,44,292515,311807.0,25 - 45
2259,2016,45,288882,309322.0,45 - 65
2260,2016,46,262769,286474.0,45 - 65
2261,2016,47,265315,291439.0,45 - 65
2262,2016,48,259160,289260.0,45 - 65
2263,2016,49,264886,298893.0,45 - 65
2264,2016,50,259215,297676.0,45 - 65
2265,2016,51,268174,312280.0,45 - 65
2266,2016,52,282787,334969.0,45 - 65
2267,2016,53,286276,343840.0,45 - 65
2268,2016,54,295213,356263.0,45 - 65
2269,2016,55,302282,369718.0,45 - 65
2270,2016,56,283130,354777.0,45 - 65
2271,2016,57,276830,352682.0,45 - 65
2272,2016,58,260318,338471.0,45 - 65
2273,2016,59,254431,337497.0,45 - 65
2274,2016,60,232462,315462.0,45 - 65
2275,2016,61,233782,324457.0,45 - 65
2276,2016,62,208379,296363.0,45 - 65
2277,2016,63,212821,309520.0,45 - 65
2278,2016,64,208929,306173.0,45 - 65
2279,2016,65,202140,302258.0,65 - 80
2280,2016,66,201406,312895.0,65 - 80
2281,2016,67,164310,259283.0,65 - 80
2282,2016,68,140031,229249.0,65 - 80
2283,2016,69,129849,222131.0,65 - 80
2284,2016,70,81538,146446.0,65 - 80
2285,2016,71,89398,168292.0,65 - 80
2286,2016,72,77468,149507.0,65 - 80
2287,2016,73,95195,189839.0,65 - 80
2288,2016,74,122876,245425.0,65 - 80
2289,2016,75,119964,245102.0,65 - 80
2290,2016,76,118369,258565.0,65 - 80
2291,2016,77,116399,261038.0,65 - 80
2292,2016,78,113614,254250.0,65 - 80
2293,2016,79,87444,195204.0,65 - 80
2296,2017,0,203793,190833.0,0 - 18
2297,2017,1,211045,197600.0,0 - 18
2298,2017,2,237929,224336.0,0 - 18
2299,2017,3,242802,228506.0,0 - 18
2300,2017,4,251201,236030.0,0 - 18
2301,2017,5,242467,227967.0,0 - 18
2302,2017,6,239738,225856.0,0 - 18
2303,2017,7,247603,232042.0,0 - 18
2304,2017,8,246238,231335.0,0 - 18
2305,2017,9,226623,214511.0,0 - 18
2306,2017,10,220944,210020.0,0 - 18
2307,2017,11,205363,193450.0,0 - 18
2308,2017,12,205461,194569.0,0 - 18
2309,2017,13,196045,185932.0,0 - 18
2310,2017,14,188298,176999.0,0 - 18
2311,2017,15,180859,170565.0,0 - 18
2312,2017,16,185990,175922.0,0 - 18
2313,2017,17,188144,178590.0,0 - 18
2314,2017,18,199959,191425.0,18 - 25
2315,2017,19,210527,199650.0,18 - 25
2316,2017,20,229118,216485.0,18 - 25
2317,2017,21,239503,225537.0,18 - 25
2318,2017,22,249094,234150.0,18 - 25
2319,2017,23,262233,248188.0,18 - 25
2320,2017,24,280918,266346.0,18 - 25
2321,2017,25,299374,284191.0,25 - 45
2322,2017,26,313398,298552.0,25 - 45
2323,2017,27,326497,312544.0,25 - 45
2324,2017,28,345782,332446.0,25 - 45
2325,2017,29,356606,343069.0,25 - 45
2326,2017,30,377087,365195.0,25 - 45
2327,2017,31,364603,355062.0,25 - 45
2328,2017,32,372641,363038.0,25 - 45
2329,2017,33,376464,368133.0,25 - 45
2330,2017,34,342549,334493.0,25 - 45
2331,2017,35,327960,327331.0,25 - 45
2332,2017,36,334798,334485.0,25 - 45
2333,2017,37,314568,316292.0,25 - 45
2334,2017,38,309988,315973.0,25 - 45
2335,2017,39,297602,307015.0,25 - 45
2336,2017,40,312866,323495.0,25 - 45
2337,2017,41,303838,319180.0,25 - 45
2338,2017,42,294323,311309.0,25 - 45
2339,2017,43,286146,303723.0,25 - 45
2340,2017,44,293019,314366.0,25 - 45
2341,2017,45,290310,310935.0,45 - 65
2342,2017,46,286619,308488.0,45 - 65
2343,2017,47,260553,285635.0,45 - 65
2344,2017,48,262840,290464.0,45 - 65
2345,2017,49,256572,288226.0,45 - 65
2346,2017,50,262022,297829.0,45 - 65
2347,2017,51,256251,296576.0,45 - 65
2348,2017,52,264837,311045.0,45 - 65
2349,2017,53,279060,333552.0,45 - 65
2350,2017,54,282185,342221.0,45 - 65
2351,2017,55,290839,354529.0,45 - 65
2352,2017,56,297343,367794.0,45 - 65
2353,2017,57,278088,352696.0,45 - 65
2354,2017,58,271496,350322.0,45 - 65
2355,2017,59,254987,335932.0,45 - 65
2356,2017,60,248445,334890.0,45 - 65
2357,2017,61,226389,312671.0,45 - 65
2358,2017,62,227425,321405.0,45 - 65
2359,2017,63,202048,293211.0,45 - 65
2360,2017,64,205987,305914.0,45 - 65
2361,2017,65,201870,302297.0,65 - 80
2362,2017,66,195133,297971.0,65 - 80
2363,2017,67,193619,307848.0,65 - 80
2364,2017,68,157589,254805.0,65 - 80
2365,2017,69,133813,224800.0,65 - 80
2366,2017,70,123737,217524.0,65 - 80
2367,2017,71,77479,143022.0,65 - 80
2368,2017,72,84158,163586.0,65 - 80
2369,2017,73,72744,144936.0,65 - 80
2370,2017,74,88760,183513.0,65 - 80
2371,2017,75,114938,236587.0,65 - 80
2372,2017,76,111518,235294.0,65 - 80
2373,2017,77,108821,246807.0,65 - 80
2374,2017,78,106602,247748.0,65 - 80
2375,2017,79,103244,239585.0,65 - 80
2378,2018,0,186249,175540.0,0 - 18
2379,2018,1,203612,190704.0,0 - 18
2380,2018,2,210970,197562.0,0 - 18
2381,2018,3,237860,224277.0,0 - 18
2382,2018,4,242735,228464.0,0 - 18
2383,2018,5,251130,235993.0,0 - 18
2384,2018,6,242412,227890.0,0 - 18
2385,2018,7,239702,225812.0,0 - 18
2386,2018,8,247559,231999.0,0 - 18
2387,2018,9,246176,231298.0,0 - 18
2388,2018,10,226564,214495.0,0 - 18
2389,2018,11,220909,209978.0,0 - 18
2390,2018,12,205307,193413.0,0 - 18
2391,2018,13,205406,194548.0,0 - 18
2392,2018,14,196012,185914.0,0 - 18
2393,2018,15,188228,176981.0,0 - 18
2394,2018,16,180824,170569.0,0 - 18
2395,2018,17,186186,176019.0,0 - 18
2396,2018,18,189258,179078.0,18 - 25
2397,2018,19,201471,192029.0,18 - 25
2398,2018,20,211406,200108.0,18 - 25
2399,2018,21,229126,216597.0,18 - 25
2400,2018,22,238811,225470.0,18 - 25
2401,2018,23,248375,233980.0,18 - 25
2402,2018,24,261652,247985.0,18 - 25
2403,2018,25,280177,266164.0,25 - 45
2404,2018,26,298720,284077.0,25 - 45
2405,2018,27,312702,298394.0,25 - 45
2406,2018,28,325929,312426.0,25 - 45
2407,2018,29,345074,332287.0,25 - 45
2408,2018,30,355862,342871.0,25 - 45
2409,2018,31,376261,364935.0,25 - 45
2410,2018,32,363707,354801.0,25 - 45
2411,2018,33,371652,362715.0,25 - 45
2412,2018,34,375315,367803.0,25 - 45
2413,2018,35,341427,334104.0,25 - 45
2414,2018,36,326819,326940.0,25 - 45
2415,2018,37,333438,333962.0,25 - 45
2416,2018,38,313194,315779.0,25 - 45
2417,2018,39,308440,315414.0,25 - 45
2418,2018,40,295959,306413.0,25 - 45
2419,2018,41,311141,322915.0,25 - 45
2420,2018,42,302079,318522.0,25 - 45
2421,2018,43,292295,310582.0,25 - 45
2422,2018,44,284147,302993.0,25 - 45
2423,2018,45,291008,313573.0,45 - 65
2424,2018,46,288046,310065.0,45 - 65
2425,2018,47,284217,307611.0,45 - 65
2426,2018,48,258279,284748.0,45 - 65
2427,2018,49,260336,289547.0,45 - 65
2428,2018,50,253738,287181.0,45 - 65
2429,2018,51,259091,296697.0,45 - 65
2430,2018,52,253238,295429.0,45 - 65
2431,2018,53,261415,309729.0,45 - 65
2432,2018,54,275157,332060.0,45 - 65
2433,2018,55,277815,340567.0,45 - 65
2434,2018,56,286253,352807.0,45 - 65
2435,2018,57,292336,365746.0,45 - 65
2436,2018,58,272802,350588.0,45 - 65
2437,2018,59,265998,347866.0,45 - 65
2438,2018,60,249164,333426.0,45 - 65
2439,2018,61,242464,332184.0,45 - 65
2440,2018,62,220318,309794.0,45 - 65
2441,2018,63,220974,318175.0,45 - 65
2442,2018,64,195975,290001.0,45 - 65
2443,2018,65,199191,302232.0,65 - 80
2444,2018,66,194822,298194.0,65 - 80
2445,2018,67,187846,293508.0,65 - 80
2446,2018,68,185654,302423.0,65 - 80
2447,2018,69,150706,249945.0,65 - 80
2448,2018,70,127622,220123.0,65 - 80
2449,2018,71,117577,212546.0,65 - 80
2450,2018,72,73484,139598.0,65 - 80
2451,2018,73,78939,158533.0,65 - 80
2452,2018,74,68046,140106.0,65 - 80
2453,2018,75,82581,176816.0,65 - 80
2454,2018,76,107218,227786.0,65 - 80
2455,2018,77,103162,225131.0,65 - 80
2456,2018,78,99682,234596.0,65 - 80
2457,2018,79,97145,234156.0,65 - 80
